userId;Aventura;Fantas¡a;Animaci¢n;Drama;Terror;Acción;Comedia;Historica;Oeste;Suspense;Crimen;Documental;Ciencia ficción;Misterio;Musical;Romance;Familiar;Guerra;Extranjera;TV
1;0.0;0.0;0.0;2.0;0.0;0.0;2.0;1.0;0.0;0.0;0.0;0.0;0.0;0.0;0.0;1.0;0.0;0.0;0.0;0.0
2;4.0;2.0;1.0;15.0;2.0;5.0;8.0;0.0;0.0;5.0;6.0;1.0;4.0;3.0;1.0;4.0;2.0;0.0;0.0;0.0
3;1.0;1.0;0.0;7.0;2.0;1.0;2.0;0.0;0.0;3.0;4.0;0.0;1.0;3.0;0.0;0.0;1.0;0.0;0.0;1.0
4;9.0;5.0;2.0;42.0;7.0;18.0;15.0;2.0;0.0;23.0;13.0;0.0;13.0;6.0;3.0;13.0;3.0;3.0;1.0;0.0
5;2.0;4.0;0.0;16.0;6.0;4.0;11.0;1.0;2.0;8.0;6.0;3.0;3.0;3.0;1.0;5.0;2.0;0.0;1.0;0.0
6;2.0;1.0;0.0;9.0;0.0;4.0;4.0;0.0;1.0;5.0;3.0;1.0;1.0;0.0;0.0;2.0;1.0;0.0;0.0;1.0
7;4.0;3.0;0.0;16.0;3.0;3.0;1.0;1.0;0.0;3.0;4.0;0.0;1.0;4.0;2.0;3.0;1.0;0.0;0.0;0.0
8;1.0;0.0;1.0;12.0;2.0;6.0;8.0;0.0;1.0;6.0;2.0;0.0;2.0;2.0;1.0;6.0;1.0;0.0;0.0;0.0
9;2.0;2.0;0.0;9.0;1.0;5.0;5.0;0.0;0.0;5.0;3.0;1.0;3.0;3.0;1.0;1.0;0.0;0.0;0.0;0.0
10;2.0;1.0;0.0;4.0;2.0;2.0;2.0;1.0;0.0;0.0;1.0;0.0;2.0;2.0;0.0;0.0;1.0;0.0;0.0;0.0
11;0.0;0.0;0.0;3.0;1.0;2.0;0.0;1.0;0.0;2.0;1.0;0.0;1.0;0.0;0.0;0.0;0.0;1.0;0.0;0.0
12;3.0;1.0;1.0;4.0;0.0;2.0;2.0;0.0;0.0;1.0;0.0;0.0;1.0;0.0;1.0;1.0;1.0;0.0;0.0;0.0
13;1.0;3.0;2.0;8.0;2.0;1.0;4.0;0.0;1.0;4.0;2.0;1.0;1.0;1.0;0.0;1.0;1.0;0.0;0.0;0.0
14;0.0;0.0;0.0;1.0;0.0;1.0;0.0;0.0;1.0;1.0;0.0;0.0;0.0;0.0;0.0;1.0;0.0;1.0;0.0;0.0
15;34.0;23.0;5.0;142.0;30.0;49.0;80.0;15.0;6.0;79.0;48.0;6.0;25.0;24.0;12.0;61.0;21.0;10.0;4.0;3.0
16;0.0;0.0;0.0;7.0;0.0;0.0;3.0;0.0;0.0;4.0;2.0;0.0;0.0;1.0;0.0;1.0;0.0;0.0;0.0;0.0
17;13.0;5.0;0.0;41.0;9.0;16.0;18.0;2.0;5.0;28.0;16.0;0.0;10.0;9.0;0.0;10.0;3.0;3.0;0.0;1.0
18;7.0;3.0;0.0;4.0;4.0;6.0;4.0;0.0;0.0;5.0;3.0;1.0;3.0;5.0;1.0;1.0;0.0;1.0;0.0;0.0
19;20.0;9.0;5.0;76.0;13.0;30.0;35.0;5.0;1.0;45.0;34.0;3.0;16.0;21.0;3.0;24.0;12.0;0.0;0.0;0.0
20;3.0;3.0;0.0;16.0;2.0;4.0;6.0;0.0;0.0;9.0;8.0;0.0;4.0;4.0;0.0;4.0;1.0;0.0;0.0;0.0
21;9.0;4.0;3.0;28.0;6.0;11.0;10.0;1.0;0.0;16.0;12.0;1.0;8.0;7.0;2.0;12.0;5.0;1.0;0.0;0.0
22;6.0;4.0;0.0;28.0;4.0;8.0;15.0;3.0;1.0;11.0;11.0;0.0;5.0;5.0;2.0;11.0;3.0;0.0;0.0;2.0
23;24.0;13.0;5.0;73.0;20.0;31.0;48.0;2.0;6.0;42.0;21.0;4.0;17.0;16.0;9.0;24.0;12.0;0.0;2.0;2.0
24;1.0;0.0;0.0;4.0;0.0;3.0;1.0;0.0;0.0;3.0;2.0;0.0;2.0;1.0;1.0;0.0;0.0;0.0;0.0;0.0
25;2.0;1.0;0.0;5.0;1.0;3.0;2.0;2.0;0.0;3.0;1.0;0.0;1.0;2.0;1.0;1.0;1.0;0.0;0.0;0.0
26;1.0;2.0;1.0;11.0;1.0;5.0;10.0;1.0;0.0;8.0;4.0;0.0;4.0;2.0;0.0;4.0;2.0;1.0;3.0;1.0
27;0.0;0.0;0.0;5.0;0.0;3.0;2.0;0.0;0.0;4.0;2.0;0.0;1.0;0.0;1.0;1.0;0.0;0.0;0.0;0.0
28;5.0;4.0;2.0;9.0;4.0;4.0;6.0;0.0;0.0;3.0;2.0;1.0;1.0;3.0;1.0;4.0;4.0;0.0;0.0;0.0
29;0.0;0.0;0.0;1.0;0.0;0.0;1.0;0.0;1.0;1.0;0.0;0.0;0.0;0.0;0.0;0.0;0.0;0.0;0.0;0.0
30;33.0;19.0;10.0;125.0;28.0;37.0;67.0;13.0;7.0;64.0;41.0;3.0;31.0;21.0;9.0;43.0;21.0;9.0;2.0;1.0
31;1.0;0.0;0.0;9.0;2.0;7.0;5.0;0.0;1.0;8.0;5.0;0.0;3.0;2.0;0.0;4.0;0.0;0.0;1.0;0.0
32;2.0;3.0;0.0;7.0;3.0;3.0;2.0;0.0;0.0;2.0;2.0;0.0;4.0;2.0;1.0;3.0;1.0;0.0;0.0;0.0
33;4.0;3.0;0.0;18.0;2.0;5.0;11.0;0.0;0.0;7.0;2.0;0.0;3.0;0.0;1.0;7.0;1.0;0.0;0.0;2.0
34;5.0;3.0;2.0;25.0;6.0;7.0;10.0;0.0;2.0;13.0;11.0;2.0;8.0;4.0;5.0;10.0;2.0;1.0;0.0;0.0
35;0.0;0.0;1.0;4.0;0.0;1.0;4.0;0.0;0.0;1.0;2.0;0.0;0.0;0.0;0.0;2.0;1.0;0.0;0.0;0.0
36;4.0;5.0;1.0;27.0;4.0;10.0;12.0;0.0;1.0;14.0;10.0;1.0;5.0;6.0;1.0;7.0;4.0;0.0;0.0;0.0
37;1.0;2.0;0.0;3.0;0.0;2.0;1.0;0.0;0.0;4.0;3.0;0.0;0.0;1.0;0.0;2.0;0.0;0.0;0.0;0.0
38;1.0;1.0;0.0;11.0;1.0;4.0;6.0;0.0;0.0;6.0;4.0;0.0;2.0;1.0;1.0;1.0;0.0;0.0;0.0;0.0
39;4.0;1.0;0.0;13.0;3.0;5.0;5.0;0.0;1.0;6.0;6.0;1.0;4.0;4.0;3.0;4.0;1.0;1.0;0.0;0.0
40;0.0;0.0;0.0;0.0;0.0;2.0;5.0;0.0;1.0;2.0;1.0;0.0;0.0;1.0;0.0;1.0;0.0;0.0;1.0;0.0
41;8.0;2.0;0.0;14.0;3.0;6.0;8.0;2.0;0.0;8.0;6.0;1.0;5.0;5.0;1.0;4.0;3.0;1.0;0.0;0.0
42;1.0;0.0;0.0;3.0;1.0;5.0;3.0;0.0;1.0;6.0;2.0;0.0;1.0;3.0;0.0;1.0;0.0;0.0;0.0;0.0
43;4.0;2.0;1.0;14.0;3.0;3.0;10.0;1.0;0.0;5.0;3.0;0.0;3.0;4.0;1.0;5.0;2.0;0.0;0.0;0.0
44;1.0;0.0;0.0;5.0;3.0;0.0;2.0;0.0;0.0;1.0;1.0;1.0;1.0;3.0;2.0;2.0;1.0;1.0;0.0;0.0
45;0.0;0.0;0.0;2.0;0.0;0.0;1.0;0.0;0.0;0.0;1.0;0.0;0.0;0.0;0.0;0.0;0.0;0.0;0.0;0.0
46;1.0;0.0;0.0;3.0;0.0;2.0;2.0;0.0;1.0;3.0;2.0;0.0;1.0;0.0;0.0;0.0;2.0;0.0;0.0;0.0
47;4.0;0.0;0.0;5.0;0.0;2.0;2.0;0.0;1.0;4.0;3.0;0.0;4.0;1.0;0.0;1.0;1.0;0.0;0.0;0.0
48;6.0;7.0;3.0;35.0;4.0;17.0;21.0;2.0;7.0;14.0;14.0;3.0;8.0;7.0;4.0;12.0;8.0;2.0;4.0;2.0
49;7.0;2.0;1.0;17.0;1.0;2.0;6.0;1.0;0.0;4.0;5.0;1.0;5.0;4.0;3.0;5.0;4.0;0.0;0.0;0.0
50;4.0;2.0;0.0;7.0;3.0;4.0;3.0;0.0;0.0;7.0;2.0;2.0;4.0;0.0;1.0;2.0;1.0;0.0;0.0;0.0
51;0.0;1.0;0.0;3.0;0.0;2.0;4.0;1.0;0.0;1.0;1.0;0.0;1.0;0.0;0.0;4.0;1.0;0.0;0.0;0.0
52;3.0;2.0;0.0;4.0;0.0;3.0;0.0;0.0;0.0;2.0;0.0;0.0;0.0;0.0;0.0;1.0;1.0;0.0;0.0;0.0
53;3.0;2.0;0.0;5.0;0.0;3.0;1.0;0.0;1.0;4.0;4.0;0.0;1.0;1.0;0.0;0.0;1.0;0.0;0.0;0.0
54;0.0;0.0;0.0;1.0;1.0;0.0;0.0;0.0;0.0;0.0;0.0;0.0;1.0;0.0;0.0;0.0;1.0;0.0;1.0;0.0
55;4.0;1.0;0.0;5.0;1.0;5.0;4.0;0.0;0.0;5.0;2.0;0.0;2.0;4.0;0.0;0.0;1.0;0.0;0.0;0.0
56;7.0;6.0;5.0;38.0;10.0;15.0;22.0;6.0;4.0;23.0;13.0;4.0;9.0;7.0;7.0;10.0;7.0;4.0;1.0;0.0
57;9.0;7.0;1.0;35.0;6.0;14.0;12.0;1.0;0.0;20.0;7.0;2.0;5.0;10.0;3.0;12.0;2.0;0.0;0.0;0.0
58;3.0;2.0;0.0;9.0;1.0;7.0;2.0;1.0;0.0;5.0;3.0;0.0;2.0;2.0;0.0;1.0;2.0;1.0;0.0;0.0
59;3.0;1.0;1.0;16.0;1.0;6.0;11.0;1.0;2.0;9.0;4.0;1.0;3.0;3.0;1.0;6.0;0.0;0.0;0.0;0.0
60;2.0;0.0;0.0;10.0;0.0;3.0;3.0;0.0;1.0;6.0;6.0;1.0;3.0;2.0;1.0;2.0;1.0;0.0;0.0;0.0
61;4.0;3.0;2.0;14.0;7.0;7.0;8.0;0.0;2.0;10.0;6.0;1.0;5.0;4.0;2.0;2.0;5.0;0.0;2.0;0.0
62;1.0;0.0;0.0;2.0;0.0;2.0;4.0;1.0;1.0;3.0;1.0;1.0;0.0;1.0;0.0;3.0;0.0;0.0;1.0;0.0
63;3.0;1.0;0.0;9.0;1.0;9.0;2.0;0.0;2.0;8.0;4.0;0.0;1.0;3.0;0.0;2.0;0.0;0.0;0.0;0.0
64;4.0;0.0;0.0;6.0;0.0;2.0;1.0;0.0;0.0;4.0;2.0;0.0;4.0;1.0;0.0;0.0;1.0;0.0;0.0;0.0
65;2.0;1.0;1.0;3.0;1.0;2.0;2.0;0.0;0.0;1.0;0.0;0.0;0.0;2.0;0.0;2.0;1.0;0.0;0.0;0.0
66;4.0;2.0;0.0;3.0;1.0;5.0;4.0;0.0;0.0;5.0;1.0;0.0;3.0;2.0;1.0;1.0;1.0;0.0;0.0;0.0
67;5.0;4.0;1.0;23.0;3.0;9.0;3.0;1.0;1.0;11.0;8.0;0.0;4.0;5.0;2.0;7.0;1.0;1.0;0.0;0.0
68;3.0;0.0;1.0;20.0;3.0;6.0;5.0;0.0;2.0;11.0;8.0;0.0;2.0;6.0;0.0;8.0;2.0;0.0;1.0;0.0
69;3.0;2.0;1.0;9.0;1.0;4.0;6.0;0.0;2.0;6.0;5.0;0.0;1.0;2.0;0.0;2.0;1.0;0.0;0.0;0.0
70;9.0;5.0;1.0;13.0;3.0;7.0;5.0;1.0;0.0;12.0;5.0;1.0;3.0;6.0;3.0;5.0;4.0;0.0;0.0;1.0
71;1.0;0.0;0.0;2.0;1.0;1.0;0.0;0.0;2.0;0.0;0.0;0.0;1.0;0.0;0.0;1.0;0.0;0.0;0.0;0.0
72;0.0;2.0;0.0;12.0;4.0;5.0;12.0;0.0;1.0;7.0;8.0;0.0;3.0;3.0;0.0;5.0;0.0;0.0;0.0;0.0
73;33.0;15.0;5.0;117.0;23.0;53.0;69.0;10.0;5.0;67.0;42.0;8.0;33.0;22.0;10.0;44.0;18.0;9.0;4.0;5.0
74;0.0;0.0;0.0;6.0;2.0;1.0;3.0;0.0;0.0;6.0;3.0;0.0;3.0;1.0;1.0;2.0;0.0;0.0;0.0;0.0
75;6.0;0.0;0.0;22.0;2.0;7.0;6.0;0.0;1.0;13.0;7.0;1.0;2.0;4.0;3.0;5.0;1.0;0.0;0.0;2.0
76;0.0;0.0;1.0;3.0;0.0;2.0;2.0;0.0;0.0;3.0;0.0;1.0;1.0;0.0;1.0;2.0;1.0;0.0;0.0;0.0
77;11.0;6.0;0.0;33.0;6.0;15.0;19.0;1.0;2.0;18.0;10.0;2.0;6.0;7.0;5.0;11.0;3.0;1.0;0.0;1.0
78;7.0;4.0;1.0;33.0;6.0;13.0;20.0;1.0;1.0;18.0;11.0;1.0;8.0;8.0;2.0;7.0;4.0;0.0;0.0;0.0
79;1.0;1.0;0.0;2.0;2.0;3.0;1.0;0.0;0.0;2.0;1.0;0.0;1.0;2.0;0.0;0.0;0.0;0.0;0.0;0.0
80;4.0;2.0;0.0;9.0;1.0;3.0;3.0;2.0;0.0;3.0;2.0;1.0;2.0;4.0;0.0;1.0;1.0;2.0;0.0;0.0
81;6.0;2.0;0.0;21.0;1.0;4.0;9.0;1.0;2.0;6.0;5.0;1.0;3.0;4.0;1.0;10.0;1.0;1.0;1.0;0.0
82;3.0;0.0;0.0;6.0;0.0;4.0;2.0;0.0;1.0;5.0;3.0;1.0;3.0;1.0;0.0;0.0;0.0;0.0;0.0;0.0
83;5.0;1.0;3.0;21.0;6.0;7.0;11.0;2.0;0.0;8.0;5.0;3.0;4.0;6.0;3.0;4.0;3.0;1.0;0.0;0.0
84;1.0;1.0;0.0;4.0;2.0;1.0;4.0;0.0;1.0;3.0;2.0;0.0;1.0;3.0;0.0;3.0;0.0;0.0;0.0;0.0
85;9.0;5.0;0.0;21.0;2.0;10.0;8.0;1.0;1.0;11.0;9.0;3.0;8.0;1.0;1.0;6.0;2.0;1.0;0.0;0.0
86;18.0;8.0;3.0;35.0;4.0;25.0;15.0;1.0;1.0;26.0;15.0;1.0;11.0;11.0;4.0;12.0;6.0;2.0;0.0;0.0
87;4.0;1.0;0.0;7.0;0.0;3.0;2.0;1.0;0.0;3.0;0.0;0.0;3.0;3.0;2.0;2.0;0.0;1.0;0.0;0.0
88;6.0;6.0;2.0;33.0;6.0;13.0;16.0;1.0;1.0;20.0;8.0;4.0;8.0;5.0;2.0;13.0;2.0;0.0;1.0;0.0
89;2.0;1.0;0.0;8.0;1.0;3.0;3.0;1.0;0.0;6.0;4.0;0.0;1.0;2.0;0.0;2.0;2.0;0.0;0.0;0.0
90;1.0;1.0;0.0;10.0;2.0;2.0;3.0;2.0;0.0;3.0;2.0;0.0;2.0;4.0;0.0;1.0;0.0;1.0;0.0;0.0
91;0.0;0.0;3.0;6.0;2.0;8.0;5.0;0.0;2.0;7.0;2.0;1.0;1.0;4.0;0.0;1.0;2.0;0.0;1.0;0.0
92;9.0;5.0;1.0;24.0;2.0;11.0;8.0;0.0;1.0;13.0;9.0;1.0;7.0;5.0;2.0;7.0;3.0;0.0;0.0;0.0
93;7.0;5.0;2.0;25.0;7.0;6.0;11.0;1.0;1.0;11.0;8.0;1.0;3.0;8.0;3.0;7.0;2.0;1.0;0.0;0.0
94;3.0;1.0;0.0;19.0;4.0;7.0;16.0;0.0;1.0;12.0;7.0;2.0;4.0;2.0;4.0;5.0;2.0;1.0;2.0;0.0
95;5.0;6.0;0.0;35.0;4.0;14.0;18.0;0.0;2.0;18.0;11.0;1.0;4.0;7.0;5.0;14.0;5.0;2.0;0.0;0.0
96;1.0;0.0;0.0;7.0;3.0;1.0;6.0;1.0;0.0;2.0;5.0;0.0;2.0;1.0;0.0;3.0;1.0;0.0;0.0;0.0
97;4.0;2.0;1.0;23.0;2.0;9.0;13.0;1.0;1.0;6.0;10.0;0.0;3.0;3.0;1.0;8.0;4.0;1.0;2.0;0.0
98;1.0;0.0;1.0;5.0;1.0;1.0;6.0;0.0;0.0;2.0;2.0;0.0;1.0;0.0;0.0;5.0;1.0;0.0;0.0;0.0
99;8.0;5.0;0.0;24.0;5.0;9.0;16.0;1.0;0.0;11.0;6.0;2.0;8.0;4.0;1.0;9.0;2.0;1.0;0.0;1.0
100;3.0;1.0;0.0;6.0;0.0;2.0;1.0;0.0;0.0;3.0;0.0;1.0;2.0;4.0;2.0;2.0;0.0;1.0;0.0;0.0
101;5.0;2.0;0.0;7.0;0.0;5.0;6.0;0.0;1.0;7.0;5.0;0.0;2.0;1.0;1.0;4.0;1.0;0.0;0.0;0.0
102;27.0;20.0;7.0;102.0;20.0;46.0;43.0;7.0;6.0;54.0;37.0;3.0;23.0;17.0;4.0;34.0;13.0;7.0;0.0;1.0
103;2.0;1.0;0.0;11.0;0.0;1.0;7.0;0.0;0.0;3.0;4.0;0.0;2.0;1.0;1.0;4.0;4.0;1.0;0.0;0.0
104;0.0;1.0;0.0;5.0;1.0;5.0;1.0;0.0;0.0;7.0;1.0;1.0;2.0;1.0;0.0;0.0;0.0;0.0;1.0;0.0
105;19.0;8.0;0.0;60.0;8.0;18.0;27.0;2.0;2.0;27.0;19.0;3.0;17.0;9.0;4.0;21.0;11.0;3.0;1.0;1.0
106;2.0;0.0;0.0;4.0;5.0;2.0;3.0;0.0;0.0;3.0;3.0;0.0;4.0;2.0;0.0;1.0;0.0;0.0;0.0;1.0
107;0.0;0.0;0.0;6.0;1.0;1.0;3.0;0.0;0.0;2.0;2.0;0.0;2.0;0.0;0.0;0.0;2.0;0.0;1.0;0.0
108;1.0;1.0;0.0;6.0;2.0;1.0;1.0;0.0;1.0;2.0;3.0;0.0;2.0;1.0;0.0;1.0;0.0;0.0;0.0;0.0
109;1.0;1.0;0.0;7.0;0.0;1.0;3.0;0.0;0.0;5.0;4.0;0.0;1.0;1.0;1.0;1.0;0.0;0.0;0.0;0.0
110;8.0;4.0;1.0;22.0;3.0;10.0;9.0;0.0;0.0;16.0;15.0;3.0;7.0;7.0;4.0;5.0;4.0;0.0;0.0;0.0
111;14.0;9.0;2.0;40.0;9.0;20.0;22.0;2.0;1.0;24.0;8.0;1.0;11.0;9.0;4.0;14.0;6.0;3.0;1.0;1.0
112;1.0;1.0;0.0;3.0;1.0;2.0;0.0;0.0;0.0;3.0;0.0;0.0;2.0;3.0;0.0;0.0;0.0;0.0;0.0;0.0
113;3.0;0.0;0.0;4.0;0.0;3.0;1.0;1.0;0.0;2.0;3.0;0.0;2.0;1.0;1.0;0.0;1.0;2.0;0.0;0.0
114;2.0;1.0;0.0;7.0;1.0;2.0;4.0;0.0;1.0;1.0;2.0;1.0;2.0;2.0;1.0;0.0;1.0;0.0;0.0;0.0
115;1.0;0.0;0.0;4.0;0.0;2.0;2.0;0.0;0.0;4.0;2.0;0.0;1.0;2.0;0.0;1.0;0.0;0.0;0.0;0.0
116;0.0;0.0;0.0;1.0;0.0;2.0;1.0;0.0;1.0;2.0;0.0;0.0;0.0;0.0;0.0;0.0;0.0;0.0;0.0;0.0
117;0.0;0.0;0.0;6.0;3.0;1.0;2.0;0.0;0.0;5.0;3.0;0.0;1.0;1.0;0.0;0.0;0.0;0.0;0.0;0.0
118;5.0;3.0;1.0;29.0;3.0;9.0;9.0;0.0;1.0;14.0;13.0;1.0;4.0;5.0;3.0;8.0;3.0;0.0;0.0;0.0
119;27.0;13.0;6.0;94.0;16.0;36.0;45.0;5.0;2.0;46.0;36.0;4.0;21.0;22.0;9.0;31.0;14.0;1.0;0.0;1.0
120;3.0;2.0;1.0;18.0;2.0;6.0;12.0;0.0;0.0;6.0;6.0;1.0;5.0;1.0;2.0;7.0;3.0;1.0;0.0;0.0
121;7.0;3.0;1.0;20.0;5.0;9.0;7.0;0.0;0.0;14.0;11.0;0.0;7.0;5.0;0.0;3.0;3.0;1.0;0.0;0.0
122;4.0;1.0;0.0;10.0;2.0;4.0;3.0;0.0;0.0;6.0;4.0;1.0;5.0;3.0;1.0;2.0;1.0;0.0;0.0;0.0
123;0.0;0.0;0.0;7.0;1.0;2.0;1.0;1.0;0.0;1.0;1.0;0.0;1.0;0.0;0.0;1.0;0.0;0.0;0.0;0.0
124;1.0;1.0;0.0;10.0;0.0;3.0;4.0;1.0;2.0;6.0;3.0;1.0;2.0;1.0;1.0;3.0;0.0;0.0;1.0;0.0
125;6.0;4.0;3.0;26.0;3.0;14.0;15.0;0.0;1.0;17.0;13.0;2.0;5.0;5.0;0.0;9.0;5.0;1.0;2.0;1.0
126;5.0;3.0;1.0;16.0;3.0;7.0;6.0;1.0;0.0;9.0;7.0;1.0;4.0;3.0;1.0;4.0;1.0;1.0;0.0;0.0
127;0.0;0.0;0.0;9.0;1.0;0.0;5.0;0.0;0.0;5.0;4.0;1.0;0.0;1.0;1.0;6.0;0.0;0.0;0.0;0.0
128;8.0;8.0;0.0;40.0;7.0;19.0;20.0;1.0;1.0;22.0;15.0;1.0;7.0;11.0;0.0;16.0;7.0;1.0;1.0;0.0
129;1.0;1.0;0.0;3.0;0.0;0.0;0.0;0.0;0.0;0.0;0.0;0.0;0.0;1.0;0.0;1.0;0.0;0.0;0.0;0.0
130;12.0;7.0;2.0;61.0;8.0;19.0;25.0;0.0;5.0;29.0;17.0;4.0;10.0;9.0;8.0;18.0;5.0;2.0;0.0;0.0
131;1.0;0.0;0.0;5.0;0.0;2.0;3.0;0.0;0.0;0.0;1.0;0.0;1.0;0.0;0.0;1.0;1.0;0.0;0.0;0.0
132;2.0;1.0;0.0;11.0;1.0;3.0;6.0;1.0;0.0;4.0;4.0;1.0;2.0;0.0;1.0;4.0;0.0;1.0;0.0;0.0
133;3.0;1.0;0.0;18.0;1.0;7.0;7.0;1.0;1.0;7.0;5.0;1.0;3.0;2.0;1.0;4.0;3.0;0.0;1.0;1.0
134;11.0;4.0;2.0;31.0;7.0;15.0;20.0;1.0;2.0;23.0;14.0;0.0;10.0;8.0;4.0;9.0;4.0;2.0;0.0;0.0
135;1.0;1.0;0.0;3.0;1.0;3.0;2.0;0.0;0.0;1.0;2.0;0.0;3.0;0.0;1.0;2.0;0.0;0.0;0.0;0.0
136;3.0;1.0;0.0;7.0;0.0;7.0;3.0;0.0;1.0;7.0;5.0;0.0;1.0;1.0;0.0;1.0;0.0;0.0;0.0;0.0
137;4.0;3.0;3.0;14.0;2.0;6.0;6.0;1.0;0.0;8.0;7.0;1.0;5.0;6.0;1.0;6.0;2.0;0.0;0.0;0.0
138;1.0;1.0;0.0;4.0;1.0;5.0;4.0;0.0;1.0;3.0;1.0;0.0;1.0;1.0;0.0;2.0;0.0;0.0;1.0;0.0
139;1.0;1.0;0.0;9.0;0.0;1.0;4.0;0.0;1.0;3.0;2.0;0.0;0.0;1.0;2.0;3.0;0.0;0.0;0.0;0.0
140;0.0;1.0;0.0;3.0;0.0;2.0;1.0;0.0;1.0;0.0;0.0;0.0;1.0;0.0;0.0;1.0;0.0;1.0;0.0;0.0
141;1.0;0.0;0.0;4.0;0.0;2.0;3.0;1.0;0.0;2.0;1.0;0.0;0.0;0.0;0.0;2.0;0.0;0.0;0.0;0.0
142;1.0;2.0;1.0;7.0;1.0;4.0;5.0;0.0;0.0;4.0;2.0;0.0;4.0;0.0;0.0;3.0;1.0;0.0;0.0;0.0
143;3.0;2.0;1.0;11.0;1.0;4.0;5.0;1.0;1.0;5.0;3.0;1.0;5.0;1.0;2.0;1.0;3.0;0.0;0.0;1.0
144;1.0;0.0;0.0;5.0;0.0;2.0;1.0;0.0;1.0;2.0;3.0;2.0;3.0;1.0;1.0;1.0;0.0;0.0;0.0;0.0
145;3.0;2.0;0.0;6.0;0.0;1.0;2.0;0.0;0.0;2.0;3.0;1.0;3.0;1.0;1.0;1.0;1.0;0.0;0.0;0.0
146;2.0;2.0;0.0;7.0;1.0;5.0;6.0;0.0;0.0;7.0;6.0;0.0;1.0;5.0;0.0;2.0;0.0;0.0;0.0;0.0
147;0.0;1.0;0.0;7.0;0.0;1.0;5.0;0.0;0.0;4.0;5.0;1.0;0.0;1.0;1.0;1.0;0.0;0.0;0.0;0.0
148;5.0;5.0;3.0;16.0;5.0;8.0;8.0;3.0;1.0;10.0;5.0;1.0;3.0;5.0;0.0;5.0;2.0;1.0;0.0;0.0
149;4.0;2.0;1.0;16.0;6.0;10.0;11.0;1.0;2.0;9.0;9.0;0.0;6.0;4.0;0.0;5.0;2.0;1.0;3.0;1.0
150;8.0;4.0;2.0;50.0;6.0;15.0;30.0;5.0;3.0;19.0;14.0;2.0;11.0;9.0;6.0;15.0;6.0;4.0;1.0;1.0
151;7.0;2.0;0.0;14.0;3.0;5.0;4.0;0.0;1.0;8.0;5.0;2.0;6.0;2.0;1.0;4.0;1.0;0.0;0.0;0.0
152;6.0;2.0;0.0;22.0;2.0;9.0;12.0;0.0;2.0;12.0;8.0;3.0;4.0;5.0;2.0;2.0;1.0;1.0;0.0;0.0
153;1.0;0.0;1.0;3.0;1.0;2.0;3.0;0.0;0.0;3.0;2.0;0.0;2.0;0.0;0.0;2.0;1.0;0.0;0.0;0.0
154;6.0;3.0;0.0;2.0;1.0;3.0;2.0;0.0;0.0;2.0;0.0;1.0;3.0;1.0;0.0;0.0;1.0;0.0;0.0;0.0
155;0.0;1.0;0.0;8.0;1.0;4.0;3.0;0.0;0.0;6.0;4.0;0.0;0.0;3.0;0.0;4.0;0.0;1.0;0.0;0.0
156;0.0;0.0;1.0;4.0;0.0;3.0;4.0;0.0;1.0;1.0;2.0;0.0;0.0;0.0;0.0;3.0;1.0;0.0;0.0;1.0
157;7.0;2.0;0.0;25.0;8.0;16.0;19.0;2.0;2.0;14.0;9.0;2.0;7.0;5.0;3.0;7.0;6.0;0.0;2.0;0.0
158;0.0;0.0;1.0;3.0;0.0;0.0;1.0;0.0;0.0;1.0;1.0;0.0;0.0;0.0;0.0;1.0;1.0;0.0;0.0;0.0
159;8.0;4.0;1.0;25.0;5.0;5.0;7.0;0.0;1.0;16.0;14.0;0.0;6.0;5.0;1.0;7.0;1.0;2.0;0.0;0.0
160;4.0;2.0;1.0;17.0;0.0;5.0;5.0;0.0;0.0;6.0;2.0;1.0;2.0;2.0;1.0;6.0;2.0;0.0;0.0;0.0
161;6.0;5.0;1.0;16.0;4.0;7.0;9.0;0.0;0.0;10.0;4.0;2.0;6.0;3.0;1.0;5.0;3.0;0.0;0.0;0.0
162;6.0;0.0;0.0;3.0;2.0;5.0;4.0;0.0;0.0;5.0;4.0;0.0;3.0;4.0;0.0;0.0;1.0;0.0;0.0;0.0
163;2.0;1.0;0.0;10.0;1.0;5.0;3.0;0.0;1.0;7.0;3.0;1.0;1.0;4.0;0.0;3.0;1.0;1.0;1.0;0.0
164;2.0;2.0;1.0;14.0;3.0;9.0;7.0;1.0;2.0;10.0;4.0;0.0;4.0;2.0;0.0;3.0;2.0;0.0;0.0;1.0
165;10.0;6.0;1.0;47.0;8.0;14.0;26.0;4.0;0.0;29.0;17.0;3.0;11.0;8.0;2.0;12.0;5.0;5.0;0.0;0.0
166;2.0;0.0;0.0;4.0;0.0;2.0;2.0;0.0;1.0;2.0;1.0;0.0;2.0;1.0;0.0;1.0;0.0;0.0;0.0;0.0
167;1.0;1.0;0.0;3.0;0.0;2.0;3.0;0.0;0.0;1.0;1.0;0.0;0.0;0.0;0.0;1.0;1.0;0.0;0.0;0.0
168;6.0;6.0;0.0;28.0;3.0;10.0;13.0;0.0;0.0;12.0;13.0;1.0;6.0;8.0;3.0;12.0;2.0;1.0;0.0;0.0
169;2.0;1.0;1.0;9.0;1.0;3.0;6.0;2.0;3.0;6.0;4.0;1.0;0.0;3.0;1.0;2.0;2.0;0.0;1.0;0.0
170;1.0;1.0;0.0;2.0;0.0;2.0;2.0;0.0;0.0;1.0;2.0;0.0;1.0;0.0;0.0;0.0;0.0;0.0;0.0;0.0
171;3.0;2.0;0.0;4.0;0.0;5.0;1.0;1.0;0.0;2.0;1.0;0.0;2.0;1.0;0.0;1.0;0.0;0.0;0.0;0.0
172;0.0;1.0;0.0;7.0;5.0;2.0;3.0;0.0;0.0;6.0;4.0;0.0;0.0;3.0;0.0;1.0;0.0;0.0;0.0;0.0
173;3.0;2.0;0.0;2.0;1.0;1.0;3.0;0.0;0.0;4.0;3.0;0.0;2.0;0.0;0.0;0.0;2.0;0.0;0.0;0.0
174;2.0;0.0;0.0;3.0;0.0;2.0;1.0;0.0;0.0;3.0;2.0;0.0;2.0;0.0;0.0;1.0;0.0;0.0;0.0;0.0
175;3.0;1.0;2.0;11.0;4.0;5.0;8.0;0.0;0.0;9.0;5.0;0.0;6.0;4.0;1.0;4.0;1.0;0.0;0.0;0.0
176;5.0;2.0;0.0;22.0;4.0;10.0;12.0;2.0;2.0;8.0;5.0;1.0;7.0;3.0;3.0;10.0;4.0;1.0;2.0;1.0
177;17.0;7.0;0.0;40.0;4.0;20.0;23.0;3.0;1.0;27.0;20.0;2.0;13.0;8.0;4.0;15.0;4.0;2.0;0.0;0.0
178;7.0;3.0;1.0;21.0;1.0;6.0;9.0;1.0;1.0;10.0;5.0;1.0;4.0;4.0;1.0;7.0;2.0;0.0;1.0;0.0
179;1.0;0.0;0.0;2.0;0.0;1.0;3.0;1.0;0.0;2.0;1.0;0.0;0.0;0.0;0.0;1.0;0.0;0.0;1.0;0.0
180;1.0;0.0;0.0;3.0;0.0;2.0;0.0;0.0;0.0;0.0;1.0;0.0;0.0;1.0;0.0;1.0;1.0;0.0;0.0;0.0
181;2.0;2.0;0.0;2.0;0.0;3.0;2.0;0.0;0.0;2.0;1.0;0.0;1.0;0.0;0.0;0.0;0.0;0.0;0.0;0.0
182;9.0;5.0;1.0;31.0;3.0;9.0;14.0;2.0;0.0;13.0;5.0;2.0;8.0;6.0;2.0;14.0;2.0;1.0;0.0;0.0
183;1.0;2.0;0.0;4.0;2.0;5.0;5.0;0.0;1.0;3.0;3.0;0.0;2.0;1.0;0.0;0.0;0.0;0.0;0.0;0.0
184;0.0;2.0;0.0;4.0;1.0;5.0;0.0;0.0;1.0;6.0;2.0;0.0;4.0;4.0;0.0;0.0;0.0;0.0;0.0;0.0
185;5.0;4.0;1.0;28.0;5.0;11.0;15.0;2.0;1.0;18.0;9.0;2.0;5.0;9.0;1.0;12.0;2.0;2.0;0.0;0.0
186;0.0;1.0;0.0;4.0;1.0;4.0;3.0;0.0;2.0;2.0;1.0;0.0;0.0;0.0;0.0;2.0;0.0;0.0;1.0;0.0
187;7.0;3.0;2.0;30.0;10.0;16.0;18.0;1.0;4.0;17.0;14.0;1.0;7.0;6.0;2.0;8.0;3.0;0.0;2.0;1.0
188;8.0;3.0;0.0;14.0;2.0;6.0;6.0;0.0;1.0;7.0;4.0;1.0;6.0;3.0;1.0;4.0;2.0;0.0;0.0;0.0
189;6.0;3.0;1.0;17.0;1.0;5.0;10.0;2.0;0.0;5.0;5.0;1.0;4.0;3.0;2.0;5.0;3.0;1.0;0.0;0.0
190;1.0;0.0;1.0;4.0;1.0;4.0;4.0;0.0;1.0;3.0;2.0;0.0;1.0;2.0;1.0;2.0;1.0;0.0;0.0;0.0
191;1.0;0.0;0.0;6.0;0.0;1.0;3.0;0.0;0.0;1.0;2.0;1.0;3.0;1.0;1.0;0.0;1.0;0.0;0.0;0.0
192;2.0;3.0;0.0;9.0;2.0;2.0;2.0;0.0;0.0;3.0;2.0;0.0;2.0;1.0;0.0;3.0;0.0;0.0;0.0;0.0
193;2.0;1.0;0.0;9.0;1.0;4.0;8.0;1.0;1.0;6.0;4.0;1.0;2.0;1.0;1.0;3.0;1.0;0.0;0.0;0.0
194;6.0;2.0;0.0;8.0;1.0;5.0;5.0;0.0;0.0;6.0;2.0;1.0;5.0;0.0;1.0;2.0;2.0;0.0;0.0;0.0
195;22.0;12.0;6.0;70.0;18.0;28.0;38.0;2.0;4.0;39.0;26.0;0.0;23.0;12.0;4.0;21.0;11.0;2.0;0.0;1.0
196;4.0;2.0;1.0;10.0;4.0;4.0;4.0;0.0;0.0;5.0;5.0;0.0;2.0;2.0;0.0;3.0;1.0;1.0;0.0;0.0
197;1.0;2.0;0.0;10.0;2.0;3.0;4.0;0.0;0.0;4.0;5.0;0.0;0.0;3.0;0.0;4.0;1.0;0.0;0.0;0.0
198;4.0;2.0;1.0;6.0;3.0;6.0;8.0;2.0;0.0;5.0;2.0;0.0;4.0;0.0;0.0;2.0;2.0;1.0;0.0;1.0
199;5.0;3.0;1.0;31.0;4.0;13.0;18.0;1.0;1.0;13.0;7.0;2.0;7.0;5.0;4.0;9.0;3.0;1.0;2.0;1.0
200;2.0;2.0;0.0;20.0;7.0;6.0;15.0;1.0;0.0;9.0;7.0;0.0;5.0;3.0;0.0;12.0;4.0;0.0;3.0;0.0
201;4.0;1.0;0.0;13.0;0.0;6.0;8.0;1.0;1.0;10.0;5.0;0.0;6.0;5.0;2.0;2.0;1.0;0.0;0.0;0.0
202;1.0;0.0;0.0;6.0;1.0;4.0;3.0;0.0;1.0;2.0;4.0;0.0;1.0;2.0;0.0;2.0;0.0;0.0;0.0;0.0
203;0.0;1.0;0.0;8.0;0.0;1.0;3.0;0.0;1.0;4.0;7.0;0.0;0.0;1.0;0.0;3.0;0.0;0.0;0.0;0.0
204;1.0;0.0;0.0;3.0;2.0;1.0;0.0;1.0;0.0;3.0;1.0;0.0;0.0;1.0;0.0;0.0;0.0;1.0;0.0;0.0
205;2.0;2.0;1.0;9.0;3.0;7.0;10.0;1.0;3.0;9.0;7.0;1.0;4.0;3.0;1.0;4.0;0.0;0.0;1.0;0.0
206;1.0;0.0;0.0;8.0;2.0;0.0;3.0;0.0;0.0;3.0;2.0;0.0;0.0;2.0;1.0;2.0;0.0;0.0;0.0;0.0
207;2.0;1.0;0.0;6.0;0.0;3.0;4.0;1.0;0.0;2.0;2.0;0.0;2.0;1.0;1.0;3.0;1.0;0.0;0.0;0.0
208;2.0;2.0;0.0;6.0;2.0;4.0;2.0;1.0;0.0;5.0;3.0;0.0;2.0;0.0;2.0;0.0;0.0;0.0;0.0;0.0
209;2.0;1.0;0.0;4.0;0.0;2.0;2.0;0.0;0.0;2.0;2.0;0.0;1.0;2.0;0.0;2.0;1.0;0.0;0.0;0.0
210;2.0;1.0;0.0;7.0;3.0;3.0;3.0;0.0;0.0;2.0;1.0;0.0;2.0;1.0;1.0;4.0;0.0;0.0;0.0;0.0
211;6.0;3.0;1.0;5.0;1.0;5.0;2.0;0.0;0.0;5.0;5.0;0.0;3.0;4.0;0.0;0.0;2.0;0.0;0.0;0.0
212;22.0;14.0;4.0;97.0;25.0;38.0;54.0;8.0;5.0;47.0;30.0;3.0;30.0;18.0;10.0;35.0;11.0;2.0;3.0;1.0
213;32.0;12.0;5.0;71.0;16.0;39.0;49.0;5.0;5.0;40.0;20.0;4.0;28.0;18.0;7.0;20.0;13.0;5.0;2.0;0.0
214;3.0;4.0;1.0;27.0;8.0;7.0;13.0;0.0;0.0;16.0;14.0;0.0;3.0;9.0;1.0;13.0;2.0;1.0;0.0;0.0
215;2.0;2.0;3.0;11.0;2.0;4.0;6.0;0.0;0.0;4.0;5.0;0.0;3.0;2.0;0.0;5.0;2.0;0.0;0.0;0.0
216;1.0;2.0;2.0;10.0;3.0;7.0;7.0;1.0;1.0;10.0;4.0;0.0;2.0;4.0;0.0;4.0;0.0;0.0;0.0;0.0
217;3.0;2.0;0.0;11.0;0.0;1.0;3.0;0.0;0.0;2.0;1.0;0.0;1.0;2.0;1.0;5.0;0.0;0.0;0.0;0.0
218;0.0;1.0;1.0;6.0;3.0;0.0;5.0;0.0;0.0;3.0;3.0;0.0;1.0;1.0;0.0;4.0;0.0;0.0;0.0;0.0
219;8.0;2.0;0.0;20.0;2.0;12.0;8.0;1.0;1.0;14.0;6.0;0.0;4.0;7.0;2.0;4.0;2.0;1.0;0.0;0.0
220;8.0;3.0;2.0;39.0;11.0;11.0;20.0;2.0;1.0;16.0;13.0;0.0;8.0;12.0;2.0;12.0;1.0;4.0;0.0;0.0
221;1.0;0.0;0.0;2.0;0.0;2.0;1.0;0.0;0.0;3.0;2.0;0.0;1.0;1.0;0.0;0.0;0.0;0.0;0.0;0.0
222;5.0;2.0;0.0;15.0;3.0;6.0;4.0;2.0;1.0;8.0;5.0;0.0;3.0;6.0;1.0;5.0;1.0;4.0;0.0;0.0
223;1.0;1.0;0.0;8.0;1.0;2.0;2.0;0.0;0.0;4.0;4.0;0.0;0.0;5.0;1.0;1.0;1.0;0.0;0.0;0.0
224;9.0;3.0;0.0;15.0;1.0;10.0;5.0;1.0;0.0;10.0;11.0;0.0;7.0;3.0;2.0;2.0;1.0;1.0;0.0;0.0
225;1.0;0.0;0.0;5.0;1.0;1.0;0.0;0.0;0.0;1.0;2.0;0.0;3.0;2.0;0.0;1.0;0.0;0.0;0.0;0.0
226;1.0;1.0;1.0;3.0;0.0;0.0;3.0;0.0;0.0;1.0;0.0;1.0;0.0;0.0;0.0;0.0;2.0;0.0;0.0;0.0
227;0.0;0.0;0.0;0.0;0.0;0.0;1.0;0.0;0.0;0.0;1.0;0.0;0.0;0.0;0.0;1.0;0.0;0.0;0.0;0.0
228;2.0;1.0;1.0;3.0;0.0;4.0;4.0;0.0;1.0;6.0;2.0;0.0;2.0;2.0;1.0;2.0;0.0;0.0;0.0;0.0
229;1.0;1.0;2.0;3.0;0.0;0.0;4.0;0.0;0.0;0.0;0.0;1.0;0.0;0.0;0.0;3.0;2.0;0.0;0.0;0.0
230;3.0;2.0;0.0;11.0;2.0;4.0;8.0;1.0;1.0;3.0;4.0;0.0;3.0;0.0;0.0;2.0;3.0;1.0;1.0;1.0
231;1.0;0.0;1.0;6.0;0.0;5.0;2.0;0.0;0.0;6.0;7.0;0.0;2.0;1.0;0.0;1.0;1.0;0.0;0.0;0.0
232;22.0;11.0;4.0;102.0;16.0;36.0;41.0;6.0;3.0;53.0;34.0;2.0;21.0;23.0;7.0;32.0;10.0;7.0;0.0;0.0
233;3.0;0.0;0.0;5.0;2.0;5.0;1.0;1.0;0.0;7.0;2.0;0.0;1.0;4.0;0.0;2.0;0.0;0.0;0.0;1.0
234;4.0;0.0;1.0;13.0;4.0;2.0;8.0;1.0;1.0;9.0;9.0;0.0;3.0;4.0;0.0;3.0;3.0;0.0;1.0;0.0
235;4.0;3.0;2.0;19.0;5.0;3.0;9.0;1.0;0.0;9.0;4.0;0.0;4.0;7.0;0.0;4.0;3.0;0.0;0.0;0.0
236;8.0;3.0;0.0;24.0;7.0;10.0;11.0;1.0;3.0;15.0;10.0;0.0;6.0;5.0;3.0;8.0;0.0;1.0;0.0;0.0
237;2.0;2.0;0.0;8.0;1.0;5.0;3.0;0.0;1.0;3.0;4.0;0.0;3.0;2.0;0.0;0.0;0.0;1.0;0.0;0.0
238;1.0;0.0;0.0;6.0;2.0;0.0;3.0;0.0;0.0;1.0;1.0;0.0;1.0;0.0;0.0;1.0;1.0;0.0;0.0;0.0
239;9.0;8.0;2.0;33.0;5.0;13.0;16.0;0.0;1.0;16.0;15.0;1.0;7.0;10.0;3.0;13.0;5.0;1.0;0.0;0.0
240;7.0;2.0;2.0;25.0;6.0;7.0;13.0;3.0;2.0;14.0;10.0;1.0;4.0;6.0;1.0;9.0;4.0;3.0;0.0;1.0
241;4.0;2.0;0.0;11.0;1.0;6.0;3.0;0.0;0.0;7.0;7.0;0.0;1.0;2.0;0.0;2.0;1.0;0.0;0.0;0.0
242;16.0;10.0;3.0;64.0;14.0;27.0;30.0;4.0;1.0;33.0;22.0;2.0;21.0;11.0;3.0;22.0;7.0;3.0;0.0;0.0
243;10.0;5.0;1.0;42.0;6.0;13.0;16.0;2.0;0.0;17.0;12.0;1.0;6.0;8.0;4.0;12.0;2.0;2.0;0.0;0.0
244;0.0;0.0;0.0;6.0;0.0;3.0;3.0;0.0;1.0;4.0;2.0;1.0;0.0;2.0;1.0;2.0;0.0;0.0;2.0;0.0
245;4.0;1.0;0.0;14.0;2.0;5.0;6.0;1.0;1.0;5.0;2.0;1.0;4.0;3.0;2.0;3.0;1.0;0.0;0.0;1.0
246;3.0;1.0;0.0;9.0;1.0;0.0;5.0;0.0;0.0;3.0;2.0;0.0;0.0;1.0;0.0;3.0;2.0;0.0;0.0;0.0
247;10.0;4.0;1.0;42.0;4.0;8.0;25.0;2.0;1.0;17.0;11.0;2.0;10.0;7.0;7.0;16.0;9.0;3.0;0.0;0.0
248;1.0;3.0;0.0;10.0;1.0;5.0;9.0;0.0;1.0;7.0;7.0;0.0;3.0;3.0;3.0;3.0;2.0;0.0;0.0;0.0
249;0.0;0.0;0.0;7.0;1.0;0.0;2.0;0.0;0.0;4.0;1.0;0.0;0.0;0.0;0.0;2.0;0.0;0.0;0.0;0.0
250;2.0;2.0;0.0;9.0;1.0;3.0;8.0;0.0;0.0;3.0;3.0;2.0;2.0;0.0;0.0;3.0;2.0;0.0;3.0;0.0
251;1.0;0.0;0.0;8.0;0.0;4.0;4.0;1.0;1.0;6.0;3.0;1.0;1.0;2.0;0.0;3.0;0.0;1.0;0.0;0.0
252;5.0;4.0;0.0;4.0;1.0;3.0;3.0;0.0;0.0;2.0;0.0;1.0;2.0;1.0;1.0;2.0;1.0;1.0;0.0;0.0
253;5.0;5.0;2.0;29.0;2.0;7.0;17.0;1.0;1.0;15.0;10.0;2.0;2.0;7.0;5.0;7.0;4.0;0.0;0.0;0.0
254;13.0;5.0;3.0;29.0;7.0;16.0;13.0;1.0;0.0;19.0;17.0;2.0;10.0;10.0;2.0;7.0;4.0;1.0;0.0;0.0
255;4.0;3.0;0.0;8.0;2.0;7.0;10.0;1.0;2.0;5.0;4.0;3.0;2.0;0.0;2.0;2.0;2.0;1.0;0.0;0.0
256;2.0;1.0;0.0;4.0;1.0;2.0;3.0;0.0;0.0;2.0;2.0;0.0;1.0;2.0;0.0;1.0;0.0;1.0;0.0;0.0
257;3.0;2.0;1.0;8.0;0.0;6.0;9.0;0.0;1.0;7.0;7.0;1.0;1.0;3.0;1.0;2.0;1.0;0.0;0.0;0.0
258;0.0;0.0;0.0;6.0;0.0;1.0;1.0;1.0;0.0;1.0;2.0;0.0;1.0;1.0;1.0;1.0;0.0;0.0;0.0;0.0
259;3.0;1.0;0.0;2.0;0.0;3.0;2.0;0.0;1.0;2.0;0.0;0.0;1.0;1.0;0.0;0.0;0.0;0.0;0.0;0.0
260;3.0;2.0;0.0;6.0;2.0;4.0;5.0;0.0;0.0;6.0;3.0;0.0;1.0;1.0;1.0;1.0;1.0;0.0;0.0;0.0
261;0.0;0.0;0.0;4.0;0.0;4.0;2.0;0.0;1.0;5.0;3.0;0.0;0.0;1.0;1.0;0.0;0.0;0.0;0.0;0.0
262;16.0;9.0;3.0;53.0;15.0;32.0;27.0;1.0;2.0;40.0;23.0;6.0;14.0;10.0;6.0;15.0;6.0;3.0;2.0;1.0
263;7.0;3.0;1.0;12.0;2.0;5.0;11.0;0.0;0.0;5.0;3.0;0.0;2.0;2.0;1.0;6.0;2.0;1.0;0.0;0.0
264;1.0;1.0;0.0;2.0;2.0;3.0;1.0;0.0;0.0;3.0;0.0;0.0;2.0;0.0;0.0;0.0;0.0;1.0;0.0;0.0
265;5.0;4.0;5.0;21.0;7.0;5.0;14.0;2.0;1.0;8.0;7.0;1.0;7.0;1.0;1.0;6.0;4.0;1.0;0.0;0.0
266;2.0;1.0;0.0;7.0;0.0;2.0;6.0;0.0;0.0;2.0;2.0;1.0;4.0;3.0;1.0;1.0;1.0;0.0;0.0;0.0
267;2.0;2.0;0.0;5.0;2.0;2.0;6.0;0.0;0.0;3.0;3.0;0.0;1.0;0.0;0.0;2.0;1.0;0.0;1.0;1.0
268;15.0;5.0;4.0;52.0;12.0;23.0;29.0;2.0;0.0;33.0;19.0;1.0;8.0;10.0;4.0;17.0;6.0;3.0;0.0;0.0
269;1.0;2.0;0.0;2.0;2.0;3.0;2.0;1.0;1.0;2.0;1.0;0.0;0.0;0.0;1.0;2.0;0.0;0.0;0.0;0.0
270;1.0;0.0;1.0;7.0;3.0;5.0;9.0;0.0;1.0;6.0;3.0;0.0;0.0;4.0;0.0;3.0;4.0;1.0;1.0;0.0
271;0.0;0.0;0.0;9.0;1.0;1.0;5.0;0.0;0.0;5.0;2.0;0.0;1.0;4.0;1.0;2.0;2.0;0.0;0.0;0.0
272;0.0;0.0;0.0;2.0;0.0;1.0;1.0;0.0;0.0;1.0;1.0;0.0;0.0;2.0;1.0;0.0;0.0;0.0;0.0;0.0
273;2.0;0.0;0.0;3.0;0.0;5.0;5.0;0.0;1.0;6.0;3.0;0.0;1.0;1.0;0.0;2.0;0.0;0.0;0.0;0.0
274;4.0;2.0;0.0;7.0;0.0;6.0;4.0;0.0;0.0;4.0;2.0;0.0;2.0;1.0;1.0;1.0;1.0;1.0;0.0;0.0
275;2.0;0.0;1.0;16.0;2.0;3.0;10.0;0.0;2.0;3.0;3.0;1.0;0.0;1.0;1.0;5.0;5.0;0.0;0.0;0.0
276;4.0;2.0;0.0;6.0;1.0;1.0;4.0;0.0;0.0;2.0;2.0;0.0;2.0;2.0;0.0;2.0;2.0;0.0;0.0;0.0
277;0.0;0.0;0.0;3.0;0.0;2.0;2.0;0.0;0.0;4.0;1.0;0.0;1.0;1.0;0.0;1.0;0.0;0.0;0.0;0.0
278;1.0;1.0;2.0;13.0;3.0;3.0;10.0;0.0;0.0;7.0;6.0;0.0;2.0;3.0;1.0;9.0;1.0;0.0;0.0;0.0
279;3.0;3.0;0.0;14.0;3.0;5.0;4.0;0.0;0.0;10.0;5.0;0.0;4.0;1.0;0.0;2.0;1.0;0.0;0.0;0.0
280;5.0;2.0;0.0;2.0;1.0;6.0;1.0;0.0;0.0;4.0;1.0;0.0;0.0;3.0;0.0;0.0;0.0;0.0;0.0;0.0
281;4.0;4.0;0.0;14.0;1.0;8.0;8.0;0.0;1.0;8.0;6.0;0.0;2.0;0.0;0.0;7.0;1.0;0.0;0.0;1.0
282;1.0;3.0;0.0;15.0;2.0;6.0;7.0;1.0;3.0;8.0;6.0;0.0;0.0;2.0;0.0;8.0;0.0;0.0;0.0;0.0
283;8.0;5.0;1.0;18.0;5.0;7.0;14.0;2.0;2.0;8.0;5.0;1.0;4.0;3.0;0.0;6.0;3.0;1.0;0.0;1.0
284;5.0;1.0;1.0;7.0;4.0;3.0;3.0;0.0;0.0;8.0;6.0;0.0;5.0;5.0;0.0;4.0;1.0;0.0;0.0;0.0
285;22.0;10.0;1.0;60.0;8.0;29.0;31.0;1.0;1.0;36.0;20.0;2.0;20.0;15.0;6.0;20.0;6.0;4.0;0.0;0.0
286;1.0;3.0;1.0;5.0;1.0;3.0;3.0;1.0;0.0;3.0;1.0;0.0;2.0;2.0;0.0;1.0;2.0;0.0;0.0;0.0
287;5.0;5.0;2.0;19.0;5.0;12.0;6.0;1.0;3.0;14.0;5.0;0.0;7.0;6.0;1.0;8.0;0.0;0.0;1.0;0.0
288;2.0;3.0;0.0;14.0;3.0;3.0;4.0;0.0;1.0;7.0;7.0;1.0;5.0;3.0;1.0;3.0;2.0;1.0;0.0;0.0
289;0.0;1.0;0.0;3.0;1.0;1.0;1.0;0.0;0.0;0.0;1.0;0.0;2.0;1.0;0.0;1.0;0.0;0.0;0.0;0.0
290;3.0;0.0;0.0;11.0;0.0;4.0;8.0;1.0;0.0;1.0;3.0;0.0;3.0;1.0;0.0;5.0;2.0;1.0;0.0;0.0
291;3.0;1.0;1.0;10.0;0.0;7.0;7.0;0.0;0.0;8.0;5.0;1.0;1.0;1.0;0.0;4.0;0.0;0.0;0.0;0.0
292;9.0;3.0;2.0;35.0;6.0;12.0;16.0;1.0;0.0;18.0;12.0;3.0;10.0;11.0;4.0;10.0;2.0;0.0;0.0;0.0
293;1.0;2.0;0.0;15.0;3.0;4.0;3.0;0.0;2.0;5.0;5.0;0.0;1.0;4.0;0.0;6.0;0.0;0.0;0.0;0.0
294;29.0;12.0;6.0;120.0;21.0;40.0;62.0;9.0;3.0;71.0;37.0;7.0;25.0;21.0;6.0;46.0;18.0;9.0;2.0;0.0
295;6.0;5.0;2.0;30.0;6.0;14.0;11.0;1.0;1.0;20.0;14.0;2.0;10.0;7.0;3.0;12.0;0.0;1.0;0.0;0.0
296;0.0;0.0;0.0;3.0;2.0;1.0;1.0;1.0;1.0;1.0;1.0;1.0;1.0;1.0;0.0;1.0;0.0;0.0;0.0;0.0
297;5.0;3.0;1.0;13.0;4.0;11.0;6.0;0.0;0.0;11.0;6.0;1.0;7.0;3.0;1.0;1.0;1.0;1.0;1.0;0.0
298;1.0;0.0;0.0;5.0;2.0;3.0;3.0;0.0;4.0;3.0;2.0;0.0;0.0;1.0;1.0;2.0;1.0;0.0;0.0;0.0
299;14.0;8.0;2.0;31.0;7.0;19.0;17.0;2.0;3.0;13.0;12.0;2.0;9.0;6.0;3.0;10.0;8.0;2.0;0.0;2.0
300;1.0;1.0;0.0;3.0;1.0;2.0;3.0;0.0;0.0;3.0;1.0;0.0;1.0;0.0;0.0;1.0;0.0;1.0;0.0;0.0
301;1.0;1.0;0.0;3.0;0.0;1.0;2.0;0.0;0.0;2.0;4.0;0.0;0.0;1.0;0.0;0.0;0.0;0.0;0.0;0.0
302;3.0;2.0;0.0;9.0;2.0;3.0;3.0;1.0;0.0;2.0;3.0;0.0;2.0;3.0;0.0;1.0;1.0;1.0;0.0;0.0
303;6.0;3.0;3.0;38.0;6.0;6.0;15.0;1.0;1.0;19.0;10.0;0.0;7.0;8.0;3.0;7.0;5.0;1.0;0.0;1.0
304;5.0;3.0;0.0;15.0;5.0;8.0;8.0;0.0;0.0;6.0;6.0;1.0;7.0;2.0;0.0;5.0;2.0;1.0;1.0;1.0
305;1.0;0.0;1.0;7.0;0.0;2.0;5.0;1.0;0.0;0.0;0.0;0.0;1.0;0.0;0.0;2.0;1.0;0.0;0.0;0.0
306;24.0;13.0;4.0;87.0;13.0;31.0;49.0;1.0;2.0;49.0;35.0;3.0;21.0;17.0;10.0;33.0;12.0;2.0;0.0;0.0
307;2.0;1.0;0.0;6.0;0.0;4.0;7.0;0.0;0.0;6.0;3.0;0.0;3.0;1.0;0.0;2.0;0.0;0.0;2.0;0.0
308;1.0;0.0;0.0;16.0;0.0;4.0;3.0;0.0;1.0;9.0;6.0;0.0;2.0;3.0;1.0;6.0;0.0;0.0;0.0;0.0
309;2.0;3.0;1.0;20.0;4.0;10.0;14.0;1.0;1.0;15.0;9.0;1.0;3.0;3.0;1.0;7.0;0.0;0.0;0.0;0.0
310;1.0;1.0;0.0;4.0;1.0;1.0;0.0;0.0;0.0;1.0;0.0;0.0;0.0;0.0;0.0;1.0;1.0;0.0;0.0;0.0
311;43.0;21.0;10.0;133.0;22.0;54.0;73.0;12.0;8.0;80.0;52.0;3.0;30.0;26.0;14.0;43.0;17.0;5.0;1.0;0.0
312;9.0;5.0;3.0;33.0;8.0;13.0;22.0;2.0;4.0;24.0;9.0;2.0;8.0;10.0;1.0;9.0;6.0;3.0;0.0;0.0
313;3.0;4.0;0.0;29.0;6.0;9.0;20.0;1.0;1.0;16.0;8.0;2.0;3.0;4.0;2.0;11.0;3.0;1.0;1.0;0.0
314;0.0;0.0;0.0;1.0;1.0;0.0;0.0;0.0;0.0;1.0;0.0;0.0;0.0;0.0;0.0;0.0;0.0;0.0;0.0;0.0
315;0.0;1.0;1.0;6.0;0.0;3.0;3.0;1.0;1.0;3.0;1.0;0.0;0.0;1.0;0.0;4.0;1.0;1.0;0.0;0.0
316;3.0;1.0;0.0;8.0;3.0;4.0;6.0;0.0;3.0;4.0;7.0;1.0;2.0;4.0;0.0;6.0;1.0;0.0;1.0;0.0
317;2.0;0.0;0.0;9.0;1.0;2.0;3.0;0.0;0.0;4.0;3.0;1.0;4.0;2.0;1.0;1.0;1.0;0.0;0.0;0.0
318;6.0;1.0;0.0;7.0;0.0;7.0;2.0;1.0;0.0;6.0;4.0;0.0;5.0;4.0;1.0;1.0;0.0;0.0;0.0;0.0
319;4.0;0.0;0.0;1.0;0.0;3.0;1.0;0.0;0.0;2.0;1.0;0.0;3.0;1.0;0.0;0.0;1.0;0.0;0.0;0.0
320;1.0;1.0;0.0;8.0;1.0;4.0;1.0;0.0;0.0;4.0;4.0;1.0;1.0;1.0;0.0;2.0;0.0;0.0;0.0;0.0
321;7.0;1.0;0.0;14.0;4.0;10.0;6.0;2.0;0.0;6.0;4.0;1.0;6.0;2.0;0.0;5.0;2.0;0.0;0.0;0.0
322;2.0;1.0;0.0;7.0;2.0;3.0;3.0;0.0;0.0;5.0;4.0;0.0;0.0;2.0;0.0;3.0;0.0;0.0;0.0;0.0
323;2.0;1.0;1.0;4.0;1.0;2.0;2.0;0.0;0.0;3.0;1.0;0.0;0.0;0.0;0.0;2.0;1.0;0.0;0.0;0.0
324;3.0;1.0;1.0;16.0;3.0;6.0;7.0;0.0;1.0;7.0;8.0;1.0;3.0;5.0;0.0;1.0;1.0;0.0;1.0;0.0
325;1.0;1.0;1.0;2.0;0.0;1.0;4.0;0.0;0.0;1.0;0.0;0.0;1.0;0.0;0.0;1.0;2.0;0.0;0.0;0.0
326;0.0;1.0;1.0;5.0;1.0;1.0;1.0;0.0;0.0;3.0;2.0;0.0;1.0;2.0;0.0;1.0;0.0;0.0;0.0;0.0
327;1.0;1.0;0.0;11.0;0.0;1.0;1.0;0.0;1.0;2.0;5.0;0.0;0.0;3.0;1.0;3.0;1.0;0.0;0.0;0.0
328;3.0;2.0;1.0;13.0;2.0;7.0;7.0;0.0;2.0;9.0;6.0;0.0;4.0;4.0;2.0;5.0;2.0;0.0;0.0;0.0
329;2.0;0.0;0.0;3.0;0.0;3.0;1.0;0.0;0.0;4.0;1.0;0.0;1.0;2.0;1.0;1.0;0.0;0.0;0.0;0.0
330;5.0;3.0;0.0;15.0;2.0;7.0;7.0;1.0;0.0;8.0;5.0;0.0;0.0;2.0;1.0;8.0;0.0;2.0;0.0;0.0
331;2.0;1.0;0.0;1.0;0.0;2.0;2.0;0.0;0.0;1.0;1.0;0.0;0.0;0.0;1.0;0.0;0.0;0.0;0.0;0.0
332;1.0;1.0;0.0;5.0;0.0;2.0;1.0;0.0;0.0;1.0;4.0;0.0;0.0;1.0;0.0;0.0;0.0;0.0;0.0;1.0
333;1.0;0.0;1.0;13.0;1.0;0.0;3.0;1.0;1.0;5.0;3.0;0.0;0.0;2.0;0.0;4.0;3.0;0.0;0.0;0.0
334;0.0;0.0;0.0;2.0;0.0;1.0;4.0;0.0;0.0;2.0;1.0;0.0;1.0;0.0;1.0;1.0;0.0;0.0;0.0;0.0
335;0.0;1.0;0.0;2.0;0.0;1.0;2.0;0.0;1.0;1.0;0.0;0.0;1.0;0.0;0.0;1.0;0.0;0.0;0.0;0.0
336;0.0;3.0;1.0;4.0;3.0;2.0;2.0;0.0;1.0;4.0;1.0;1.0;2.0;1.0;1.0;1.0;1.0;0.0;0.0;0.0
337;1.0;0.0;0.0;2.0;0.0;1.0;0.0;0.0;0.0;1.0;2.0;0.0;1.0;1.0;0.0;1.0;0.0;0.0;0.0;0.0
338;2.0;0.0;0.0;10.0;2.0;3.0;3.0;0.0;0.0;8.0;4.0;0.0;4.0;3.0;0.0;2.0;0.0;1.0;0.0;0.0
339;1.0;1.0;0.0;7.0;1.0;0.0;3.0;0.0;0.0;3.0;1.0;1.0;0.0;0.0;1.0;1.0;0.0;0.0;0.0;0.0
340;0.0;1.0;0.0;4.0;0.0;3.0;2.0;0.0;1.0;3.0;1.0;0.0;0.0;0.0;0.0;2.0;0.0;0.0;0.0;0.0
341;1.0;0.0;0.0;3.0;0.0;2.0;0.0;0.0;0.0;2.0;0.0;0.0;2.0;0.0;0.0;1.0;0.0;0.0;0.0;0.0
342;6.0;6.0;3.0;35.0;6.0;11.0;18.0;0.0;0.0;19.0;7.0;0.0;7.0;5.0;2.0;17.0;5.0;1.0;0.0;0.0
343;1.0;0.0;0.0;7.0;0.0;1.0;2.0;0.0;0.0;5.0;2.0;0.0;1.0;2.0;0.0;2.0;1.0;0.0;0.0;0.0
344;9.0;8.0;0.0;35.0;4.0;12.0;13.0;1.0;1.0;21.0;16.0;2.0;8.0;5.0;3.0;11.0;1.0;1.0;0.0;0.0
345;9.0;4.0;2.0;32.0;4.0;15.0;20.0;0.0;2.0;16.0;10.0;1.0;8.0;10.0;1.0;8.0;5.0;1.0;0.0;2.0
346;10.0;7.0;0.0;34.0;6.0;14.0;16.0;2.0;2.0;21.0;19.0;0.0;9.0;10.0;3.0;11.0;4.0;2.0;1.0;1.0
347;1.0;0.0;0.0;2.0;0.0;2.0;1.0;0.0;1.0;3.0;0.0;0.0;1.0;1.0;0.0;1.0;0.0;0.0;0.0;0.0
348;3.0;1.0;0.0;10.0;0.0;5.0;2.0;0.0;1.0;7.0;5.0;1.0;3.0;3.0;2.0;1.0;0.0;0.0;0.0;0.0
349;0.0;0.0;0.0;2.0;1.0;1.0;3.0;0.0;0.0;0.0;1.0;0.0;0.0;0.0;0.0;1.0;1.0;0.0;1.0;0.0
350;3.0;2.0;0.0;18.0;2.0;6.0;10.0;1.0;2.0;7.0;4.0;0.0;1.0;5.0;2.0;4.0;2.0;1.0;0.0;2.0
351;1.0;3.0;2.0;7.0;1.0;5.0;4.0;0.0;1.0;8.0;4.0;0.0;1.0;2.0;0.0;3.0;1.0;0.0;0.0;0.0
352;3.0;0.0;0.0;6.0;0.0;3.0;3.0;0.0;3.0;3.0;3.0;0.0;1.0;1.0;0.0;3.0;1.0;0.0;0.0;0.0
353;12.0;8.0;1.0;37.0;15.0;25.0;19.0;3.0;2.0;33.0;17.0;1.0;15.0;10.0;4.0;15.0;5.0;1.0;2.0;0.0
354;5.0;3.0;0.0;14.0;1.0;4.0;0.0;0.0;1.0;4.0;5.0;0.0;2.0;2.0;0.0;2.0;0.0;0.0;0.0;0.0
355;13.0;5.0;1.0;37.0;8.0;15.0;21.0;1.0;4.0;20.0;10.0;1.0;11.0;9.0;5.0;13.0;4.0;0.0;0.0;1.0
356;0.0;0.0;0.0;3.0;0.0;1.0;1.0;0.0;0.0;2.0;2.0;0.0;0.0;2.0;0.0;0.0;0.0;0.0;0.0;0.0
357;3.0;2.0;0.0;9.0;1.0;3.0;0.0;0.0;1.0;5.0;5.0;0.0;1.0;5.0;0.0;0.0;0.0;0.0;0.0;0.0
358;19.0;18.0;8.0;88.0;18.0;33.0;58.0;8.0;3.0;44.0;32.0;3.0;20.0;21.0;7.0;40.0;13.0;3.0;0.0;0.0
359;2.0;1.0;0.0;9.0;2.0;3.0;3.0;0.0;1.0;3.0;2.0;0.0;1.0;0.0;0.0;4.0;0.0;0.0;0.0;0.0
360;2.0;1.0;0.0;4.0;1.0;5.0;4.0;0.0;0.0;3.0;4.0;1.0;2.0;0.0;0.0;1.0;1.0;0.0;0.0;0.0
361;7.0;4.0;0.0;11.0;5.0;5.0;5.0;1.0;0.0;9.0;5.0;1.0;2.0;5.0;1.0;1.0;3.0;1.0;0.0;1.0
362;4.0;3.0;0.0;14.0;2.0;4.0;9.0;0.0;1.0;5.0;8.0;1.0;4.0;3.0;1.0;2.0;2.0;0.0;0.0;1.0
363;5.0;3.0;1.0;32.0;2.0;13.0;21.0;0.0;0.0;15.0;10.0;1.0;9.0;5.0;2.0;10.0;3.0;1.0;0.0;0.0
364;1.0;0.0;0.0;5.0;1.0;1.0;2.0;0.0;2.0;1.0;2.0;0.0;1.0;0.0;0.0;1.0;1.0;0.0;0.0;0.0
365;1.0;0.0;0.0;6.0;2.0;4.0;7.0;0.0;1.0;5.0;5.0;0.0;1.0;2.0;1.0;4.0;0.0;0.0;0.0;0.0
366;2.0;2.0;0.0;0.0;2.0;2.0;3.0;1.0;1.0;3.0;2.0;0.0;1.0;0.0;0.0;3.0;0.0;0.0;0.0;0.0
367;6.0;1.0;0.0;25.0;3.0;10.0;11.0;2.0;0.0;13.0;9.0;0.0;6.0;4.0;2.0;14.0;0.0;1.0;1.0;0.0
368;1.0;0.0;1.0;3.0;0.0;0.0;2.0;0.0;0.0;1.0;0.0;0.0;0.0;1.0;1.0;1.0;2.0;0.0;0.0;0.0
369;4.0;1.0;0.0;6.0;2.0;2.0;3.0;0.0;1.0;4.0;2.0;2.0;3.0;2.0;1.0;3.0;1.0;0.0;0.0;0.0
370;3.0;1.0;2.0;12.0;1.0;4.0;7.0;0.0;2.0;8.0;4.0;0.0;2.0;4.0;1.0;2.0;3.0;1.0;0.0;0.0
371;1.0;2.0;0.0;12.0;1.0;3.0;4.0;1.0;1.0;8.0;4.0;0.0;2.0;2.0;0.0;3.0;1.0;0.0;0.0;0.0
372;1.0;0.0;1.0;7.0;1.0;2.0;1.0;0.0;0.0;6.0;2.0;0.0;1.0;0.0;0.0;5.0;1.0;1.0;0.0;0.0
373;5.0;2.0;1.0;30.0;2.0;10.0;19.0;2.0;0.0;13.0;7.0;0.0;5.0;3.0;1.0;13.0;2.0;1.0;0.0;0.0
374;0.0;0.0;0.0;2.0;1.0;1.0;1.0;0.0;1.0;0.0;1.0;0.0;0.0;1.0;0.0;0.0;0.0;0.0;0.0;0.0
375;3.0;0.0;0.0;5.0;2.0;2.0;2.0;0.0;1.0;3.0;3.0;0.0;2.0;2.0;0.0;1.0;1.0;0.0;0.0;0.0
376;3.0;2.0;1.0;10.0;2.0;1.0;3.0;1.0;1.0;6.0;3.0;0.0;1.0;2.0;0.0;3.0;1.0;0.0;0.0;0.0
377;0.0;0.0;0.0;3.0;0.0;0.0;1.0;0.0;0.0;1.0;2.0;1.0;0.0;2.0;1.0;1.0;0.0;0.0;0.0;0.0
378;4.0;3.0;1.0;10.0;1.0;4.0;5.0;1.0;0.0;9.0;5.0;0.0;3.0;5.0;0.0;2.0;3.0;0.0;1.0;1.0
379;1.0;0.0;0.0;9.0;0.0;3.0;4.0;2.0;1.0;7.0;2.0;0.0;1.0;2.0;0.0;0.0;0.0;0.0;0.0;0.0
380;20.0;15.0;0.0;81.0;16.0;34.0;44.0;6.0;5.0;40.0;22.0;8.0;19.0;16.0;7.0;25.0;8.0;3.0;5.0;3.0
381;2.0;2.0;0.0;12.0;2.0;3.0;8.0;0.0;1.0;5.0;5.0;0.0;2.0;1.0;2.0;2.0;1.0;1.0;0.0;0.0
382;7.0;2.0;3.0;32.0;7.0;19.0;21.0;2.0;2.0;24.0;16.0;0.0;8.0;10.0;2.0;5.0;4.0;2.0;1.0;0.0
383;4.0;2.0;0.0;10.0;1.0;5.0;5.0;0.0;1.0;7.0;3.0;1.0;4.0;7.0;2.0;2.0;1.0;1.0;0.0;0.0
384;16.0;7.0;0.0;48.0;8.0;23.0;22.0;2.0;2.0;28.0;19.0;1.0;15.0;11.0;5.0;18.0;10.0;1.0;1.0;1.0
385;10.0;3.0;0.0;21.0;4.0;12.0;9.0;0.0;1.0;14.0;9.0;2.0;11.0;2.0;2.0;6.0;3.0;1.0;0.0;0.0
386;2.0;0.0;1.0;15.0;1.0;2.0;7.0;1.0;1.0;6.0;7.0;1.0;2.0;4.0;3.0;3.0;1.0;1.0;0.0;0.0
387;10.0;5.0;6.0;40.0;12.0;14.0;28.0;3.0;2.0;26.0;13.0;0.0;12.0;12.0;2.0;15.0;7.0;3.0;0.0;0.0
388;26.0;15.0;6.0;96.0;19.0;40.0;54.0;10.0;5.0;54.0;37.0;4.0;29.0;14.0;7.0;38.0;13.0;7.0;0.0;2.0
389;6.0;1.0;0.0;15.0;1.0;3.0;5.0;0.0;0.0;10.0;8.0;1.0;6.0;3.0;2.0;4.0;1.0;0.0;0.0;0.0
390;14.0;6.0;1.0;30.0;6.0;15.0;11.0;2.0;1.0;18.0;9.0;3.0;13.0;8.0;2.0;9.0;4.0;2.0;0.0;0.0
391;4.0;4.0;2.0;15.0;2.0;10.0;7.0;0.0;1.0;14.0;12.0;0.0;3.0;7.0;1.0;5.0;3.0;0.0;0.0;0.0
392;2.0;0.0;0.0;2.0;0.0;3.0;2.0;0.0;0.0;2.0;0.0;0.0;3.0;0.0;0.0;0.0;0.0;0.0;0.0;0.0
393;2.0;2.0;3.0;6.0;1.0;2.0;4.0;1.0;1.0;2.0;1.0;0.0;2.0;1.0;3.0;0.0;3.0;0.0;0.0;0.0
394;4.0;1.0;2.0;22.0;3.0;8.0;15.0;0.0;2.0;12.0;8.0;0.0;7.0;8.0;3.0;8.0;3.0;0.0;1.0;0.0
395;2.0;2.0;0.0;4.0;0.0;2.0;1.0;0.0;1.0;2.0;2.0;0.0;0.0;1.0;0.0;0.0;1.0;0.0;0.0;0.0
396;10.0;4.0;1.0;24.0;3.0;7.0;10.0;1.0;0.0;14.0;12.0;2.0;7.0;5.0;2.0;6.0;4.0;1.0;0.0;0.0
397;2.0;1.0;0.0;2.0;1.0;2.0;3.0;1.0;1.0;6.0;3.0;1.0;2.0;1.0;1.0;1.0;1.0;0.0;0.0;0.0
398;1.0;0.0;0.0;10.0;0.0;2.0;1.0;0.0;0.0;4.0;3.0;1.0;2.0;2.0;2.0;1.0;0.0;0.0;0.0;0.0
399;0.0;0.0;0.0;4.0;0.0;1.0;2.0;0.0;0.0;2.0;0.0;0.0;1.0;0.0;0.0;2.0;0.0;0.0;0.0;0.0
400;2.0;2.0;0.0;13.0;2.0;2.0;4.0;0.0;0.0;4.0;3.0;1.0;2.0;2.0;1.0;2.0;1.0;0.0;0.0;0.0
401;5.0;5.0;0.0;10.0;3.0;3.0;4.0;0.0;0.0;3.0;3.0;0.0;2.0;5.0;2.0;3.0;4.0;1.0;0.0;0.0
402;6.0;3.0;1.0;24.0;5.0;12.0;21.0;1.0;3.0;14.0;13.0;1.0;2.0;7.0;2.0;11.0;4.0;1.0;1.0;0.0
403;1.0;0.0;0.0;1.0;0.0;2.0;0.0;0.0;0.0;2.0;0.0;0.0;1.0;0.0;1.0;0.0;0.0;0.0;0.0;0.0
404;1.0;0.0;0.0;3.0;0.0;1.0;2.0;0.0;1.0;1.0;1.0;0.0;0.0;0.0;2.0;2.0;1.0;0.0;0.0;0.0
405;17.0;4.0;3.0;45.0;6.0;18.0;23.0;6.0;3.0;22.0;12.0;0.0;7.0;9.0;1.0;10.0;8.0;4.0;1.0;0.0
406;1.0;3.0;0.0;4.0;1.0;3.0;4.0;0.0;1.0;1.0;2.0;1.0;1.0;1.0;1.0;1.0;0.0;0.0;0.0;0.0
407;10.0;7.0;0.0;43.0;9.0;19.0;16.0;5.0;2.0;20.0;5.0;3.0;9.0;10.0;0.0;13.0;2.0;3.0;0.0;1.0
408;15.0;6.0;3.0;35.0;7.0;19.0;20.0;1.0;0.0;24.0;13.0;2.0;9.0;12.0;3.0;10.0;6.0;0.0;0.0;0.0
409;5.0;3.0;1.0;11.0;1.0;11.0;7.0;0.0;0.0;10.0;6.0;1.0;6.0;4.0;2.0;3.0;3.0;0.0;0.0;0.0
410;3.0;0.0;0.0;3.0;0.0;3.0;2.0;1.0;1.0;5.0;1.0;0.0;2.0;0.0;0.0;0.0;2.0;0.0;0.0;0.0
411;4.0;1.0;0.0;8.0;1.0;3.0;3.0;0.0;0.0;3.0;2.0;0.0;3.0;2.0;0.0;2.0;2.0;0.0;0.0;0.0
412;5.0;4.0;0.0;25.0;8.0;9.0;16.0;2.0;1.0;15.0;4.0;0.0;7.0;6.0;2.0;12.0;1.0;1.0;1.0;0.0
413;3.0;0.0;0.0;2.0;2.0;2.0;0.0;0.0;0.0;5.0;1.0;0.0;2.0;4.0;0.0;0.0;0.0;1.0;0.0;0.0
414;2.0;1.0;0.0;6.0;0.0;4.0;4.0;1.0;1.0;3.0;4.0;2.0;1.0;1.0;0.0;2.0;0.0;1.0;0.0;0.0
415;1.0;0.0;0.0;4.0;0.0;1.0;0.0;0.0;0.0;2.0;3.0;0.0;3.0;1.0;0.0;0.0;0.0;0.0;0.0;0.0
416;7.0;3.0;1.0;16.0;4.0;6.0;6.0;0.0;1.0;6.0;4.0;0.0;5.0;4.0;2.0;5.0;3.0;0.0;0.0;0.0
417;4.0;3.0;0.0;16.0;4.0;6.0;6.0;0.0;2.0;8.0;5.0;1.0;2.0;6.0;0.0;5.0;1.0;1.0;0.0;0.0
418;4.0;2.0;1.0;25.0;4.0;6.0;9.0;2.0;1.0;13.0;9.0;0.0;4.0;7.0;0.0;7.0;2.0;0.0;0.0;1.0
419;2.0;0.0;0.0;3.0;1.0;1.0;5.0;1.0;1.0;3.0;3.0;0.0;2.0;0.0;1.0;1.0;2.0;0.0;0.0;0.0
420;0.0;2.0;1.0;14.0;1.0;5.0;2.0;3.0;0.0;7.0;6.0;0.0;3.0;2.0;0.0;3.0;1.0;2.0;0.0;0.0
421;4.0;1.0;0.0;9.0;1.0;4.0;5.0;0.0;0.0;3.0;4.0;1.0;3.0;2.0;1.0;3.0;2.0;0.0;0.0;0.0
422;6.0;3.0;0.0;13.0;4.0;8.0;6.0;0.0;1.0;12.0;6.0;1.0;3.0;5.0;0.0;6.0;2.0;0.0;0.0;0.0
423;9.0;4.0;0.0;27.0;4.0;17.0;19.0;2.0;4.0;20.0;14.0;0.0;11.0;8.0;2.0;9.0;2.0;0.0;1.0;1.0
424;1.0;1.0;0.0;5.0;2.0;2.0;1.0;0.0;0.0;4.0;3.0;0.0;2.0;1.0;0.0;0.0;0.0;0.0;0.0;0.0
425;3.0;1.0;0.0;4.0;0.0;4.0;7.0;0.0;2.0;5.0;3.0;0.0;0.0;1.0;1.0;2.0;0.0;0.0;0.0;0.0
426;4.0;2.0;0.0;18.0;4.0;6.0;6.0;0.0;2.0;10.0;8.0;2.0;4.0;5.0;2.0;1.0;2.0;0.0;2.0;0.0
427;6.0;2.0;4.0;20.0;4.0;11.0;20.0;0.0;1.0;15.0;6.0;2.0;9.0;2.0;0.0;5.0;6.0;0.0;0.0;1.0
428;4.0;3.0;1.0;21.0;2.0;9.0;9.0;1.0;1.0;11.0;12.0;1.0;3.0;4.0;4.0;4.0;2.0;1.0;1.0;0.0
429;1.0;1.0;1.0;2.0;0.0;1.0;2.0;0.0;1.0;2.0;0.0;0.0;0.0;1.0;0.0;0.0;0.0;0.0;0.0;0.0
430;5.0;5.0;0.0;33.0;6.0;11.0;12.0;0.0;2.0;16.0;12.0;4.0;3.0;13.0;4.0;11.0;1.0;1.0;1.0;0.0
431;8.0;8.0;2.0;35.0;12.0;13.0;23.0;3.0;1.0;22.0;12.0;2.0;7.0;8.0;2.0;11.0;1.0;0.0;0.0;1.0
432;2.0;3.0;0.0;10.0;1.0;6.0;5.0;1.0;0.0;7.0;5.0;0.0;1.0;0.0;1.0;3.0;2.0;0.0;1.0;0.0
433;6.0;1.0;1.0;19.0;1.0;12.0;11.0;0.0;2.0;13.0;9.0;2.0;5.0;6.0;2.0;3.0;2.0;1.0;1.0;1.0
434;5.0;6.0;1.0;30.0;8.0;11.0;10.0;1.0;0.0;20.0;15.0;1.0;9.0;10.0;3.0;6.0;1.0;1.0;0.0;0.0
435;0.0;0.0;0.0;5.0;0.0;1.0;1.0;1.0;0.0;2.0;2.0;0.0;0.0;3.0;0.0;1.0;0.0;0.0;0.0;0.0
436;5.0;2.0;0.0;11.0;3.0;10.0;2.0;2.0;0.0;8.0;5.0;0.0;2.0;3.0;0.0;1.0;0.0;2.0;0.0;0.0
437;4.0;1.0;0.0;6.0;1.0;6.0;2.0;1.0;0.0;3.0;5.0;0.0;1.0;2.0;0.0;2.0;0.0;1.0;0.0;0.0
438;0.0;0.0;0.0;1.0;0.0;1.0;0.0;0.0;1.0;1.0;0.0;0.0;0.0;0.0;0.0;0.0;0.0;0.0;0.0;0.0
439;7.0;5.0;2.0;38.0;7.0;14.0;14.0;0.0;0.0;16.0;11.0;0.0;10.0;5.0;1.0;11.0;5.0;1.0;0.0;0.0
440;1.0;2.0;0.0;9.0;1.0;3.0;2.0;0.0;1.0;3.0;3.0;0.0;1.0;2.0;0.0;0.0;0.0;0.0;0.0;0.0
441;4.0;3.0;0.0;22.0;2.0;4.0;11.0;0.0;1.0;10.0;5.0;0.0;4.0;5.0;0.0;11.0;1.0;1.0;0.0;0.0
442;5.0;6.0;3.0;26.0;5.0;13.0;16.0;0.0;3.0;17.0;11.0;2.0;7.0;8.0;3.0;10.0;2.0;1.0;0.0;0.0
443;0.0;0.0;0.0;5.0;0.0;2.0;1.0;0.0;1.0;2.0;2.0;0.0;0.0;1.0;0.0;1.0;0.0;0.0;0.0;0.0
444;0.0;0.0;0.0;1.0;0.0;0.0;1.0;0.0;0.0;0.0;0.0;0.0;0.0;0.0;0.0;0.0;0.0;0.0;0.0;0.0
445;0.0;0.0;0.0;2.0;0.0;2.0;0.0;1.0;0.0;4.0;0.0;0.0;1.0;1.0;0.0;0.0;0.0;0.0;0.0;0.0
446;1.0;0.0;0.0;1.0;0.0;1.0;0.0;0.0;2.0;1.0;0.0;0.0;0.0;0.0;0.0;1.0;0.0;0.0;0.0;0.0
447;7.0;3.0;0.0;18.0;2.0;12.0;4.0;0.0;1.0;12.0;7.0;1.0;10.0;5.0;1.0;5.0;0.0;1.0;0.0;0.0
448;0.0;0.0;0.0;0.0;0.0;0.0;0.0;0.0;0.0;0.0;0.0;0.0;0.0;0.0;0.0;0.0;0.0;0.0;0.0;0.0
449;1.0;1.0;0.0;4.0;0.0;2.0;0.0;0.0;0.0;2.0;1.0;0.0;3.0;1.0;0.0;1.0;0.0;0.0;0.0;0.0
450;2.0;1.0;0.0;10.0;0.0;6.0;8.0;0.0;0.0;8.0;8.0;0.0;1.0;1.0;0.0;2.0;0.0;0.0;1.0;0.0
451;2.0;1.0;1.0;6.0;0.0;3.0;1.0;1.0;1.0;4.0;2.0;0.0;0.0;3.0;0.0;2.0;1.0;1.0;0.0;0.0
452;48.0;25.0;9.0;157.0;33.0;72.0;79.0;12.0;4.0;103.0;61.0;7.0;46.0;37.0;11.0;51.0;19.0;6.0;2.0;2.0
453;1.0;1.0;0.0;11.0;1.0;2.0;5.0;1.0;0.0;6.0;4.0;0.0;2.0;2.0;0.0;6.0;0.0;1.0;0.0;0.0
454;0.0;0.0;0.0;4.0;0.0;3.0;2.0;0.0;0.0;5.0;2.0;0.0;1.0;1.0;0.0;1.0;0.0;0.0;0.0;0.0
455;2.0;1.0;0.0;3.0;1.0;2.0;2.0;0.0;0.0;2.0;1.0;0.0;2.0;1.0;0.0;1.0;2.0;0.0;0.0;0.0
456;0.0;0.0;0.0;2.0;0.0;2.0;1.0;1.0;1.0;3.0;1.0;0.0;0.0;2.0;0.0;0.0;0.0;0.0;0.0;0.0
457;22.0;12.0;1.0;71.0;10.0;30.0;34.0;4.0;2.0;40.0;25.0;2.0;15.0;11.0;9.0;17.0;10.0;3.0;1.0;2.0
458;2.0;1.0;0.0;11.0;3.0;5.0;7.0;0.0;2.0;8.0;2.0;0.0;3.0;1.0;0.0;3.0;2.0;0.0;0.0;0.0
459;0.0;0.0;0.0;4.0;1.0;0.0;1.0;0.0;0.0;1.0;0.0;1.0;0.0;1.0;1.0;1.0;1.0;1.0;0.0;0.0
460;8.0;4.0;4.0;41.0;4.0;17.0;22.0;3.0;3.0;26.0;20.0;1.0;11.0;11.0;0.0;12.0;4.0;4.0;0.0;1.0
461;31.0;14.0;3.0;96.0;15.0;41.0;41.0;3.0;4.0;53.0;39.0;5.0;28.0;19.0;8.0;26.0;11.0;3.0;1.0;1.0
462;2.0;4.0;0.0;14.0;2.0;6.0;3.0;0.0;0.0;9.0;3.0;0.0;2.0;5.0;0.0;3.0;0.0;0.0;0.0;0.0
463;14.0;7.0;3.0;65.0;12.0;20.0;29.0;0.0;2.0;34.0;20.0;2.0;10.0;11.0;7.0;25.0;3.0;2.0;2.0;1.0
464;3.0;0.0;0.0;6.0;0.0;2.0;6.0;0.0;0.0;3.0;3.0;0.0;4.0;2.0;0.0;1.0;3.0;1.0;0.0;0.0
465;0.0;0.0;0.0;2.0;0.0;1.0;2.0;0.0;0.0;2.0;1.0;1.0;0.0;0.0;1.0;1.0;0.0;0.0;0.0;0.0
466;10.0;4.0;1.0;49.0;4.0;12.0;14.0;3.0;2.0;21.0;17.0;2.0;5.0;9.0;3.0;17.0;3.0;5.0;0.0;0.0
467;2.0;1.0;0.0;11.0;4.0;3.0;4.0;0.0;1.0;6.0;5.0;0.0;2.0;5.0;0.0;2.0;0.0;0.0;0.0;0.0
468;39.0;28.0;10.0;133.0;35.0;51.0;83.0;14.0;8.0;70.0;43.0;6.0;40.0;27.0;15.0;47.0;22.0;4.0;4.0;2.0
469;1.0;0.0;0.0;5.0;1.0;2.0;0.0;1.0;0.0;1.0;1.0;0.0;1.0;0.0;0.0;1.0;0.0;1.0;0.0;0.0
470;3.0;0.0;0.0;6.0;1.0;6.0;2.0;1.0;1.0;3.0;0.0;0.0;2.0;0.0;0.0;4.0;0.0;0.0;0.0;0.0
471;1.0;5.0;1.0;24.0;5.0;4.0;14.0;2.0;2.0;11.0;5.0;2.0;4.0;8.0;4.0;8.0;1.0;0.0;0.0;1.0
472;28.0;16.0;7.0;86.0;23.0;41.0;46.0;7.0;6.0;50.0;34.0;5.0;25.0;18.0;3.0;18.0;7.0;5.0;0.0;1.0
473;0.0;1.0;0.0;1.0;3.0;1.0;3.0;0.0;0.0;5.0;3.0;0.0;2.0;2.0;0.0;2.0;0.0;0.0;0.0;0.0
474;1.0;1.0;1.0;6.0;2.0;2.0;3.0;0.0;0.0;4.0;1.0;0.0;3.0;2.0;2.0;4.0;0.0;0.0;0.0;0.0
475;8.0;5.0;1.0;29.0;12.0;14.0;23.0;3.0;6.0;19.0;15.0;4.0;8.0;7.0;3.0;15.0;4.0;0.0;4.0;0.0
476;0.0;0.0;0.0;7.0;0.0;1.0;1.0;1.0;0.0;1.0;3.0;0.0;0.0;0.0;1.0;1.0;0.0;1.0;0.0;0.0
477;1.0;0.0;0.0;3.0;2.0;1.0;0.0;1.0;0.0;3.0;1.0;0.0;1.0;1.0;0.0;1.0;0.0;0.0;0.0;0.0
478;0.0;1.0;0.0;7.0;0.0;3.0;4.0;0.0;1.0;6.0;2.0;0.0;1.0;1.0;0.0;3.0;0.0;1.0;0.0;0.0
479;2.0;1.0;1.0;10.0;3.0;4.0;7.0;0.0;0.0;8.0;6.0;0.0;3.0;2.0;1.0;1.0;0.0;0.0;1.0;0.0
480;10.0;4.0;0.0;28.0;5.0;12.0;21.0;1.0;1.0;17.0;13.0;2.0;6.0;7.0;0.0;6.0;4.0;1.0;3.0;0.0
481;11.0;8.0;1.0;33.0;8.0;13.0;17.0;5.0;3.0;18.0;13.0;4.0;6.0;5.0;6.0;7.0;4.0;2.0;2.0;1.0
482;3.0;1.0;0.0;7.0;2.0;1.0;1.0;0.0;0.0;4.0;1.0;0.0;3.0;2.0;1.0;1.0;2.0;0.0;0.0;0.0
483;3.0;1.0;0.0;8.0;1.0;5.0;2.0;0.0;0.0;6.0;4.0;2.0;2.0;2.0;0.0;3.0;2.0;0.0;1.0;1.0
484;2.0;0.0;0.0;5.0;1.0;1.0;1.0;0.0;0.0;3.0;2.0;0.0;1.0;4.0;0.0;0.0;1.0;1.0;0.0;0.0
485;1.0;0.0;0.0;0.0;0.0;1.0;3.0;0.0;0.0;1.0;1.0;1.0;1.0;0.0;0.0;0.0;1.0;0.0;0.0;0.0
486;5.0;2.0;1.0;7.0;4.0;6.0;6.0;0.0;2.0;4.0;3.0;1.0;1.0;3.0;1.0;1.0;3.0;0.0;1.0;1.0
487;11.0;7.0;1.0;37.0;3.0;12.0;13.0;0.0;1.0;18.0;14.0;0.0;10.0;8.0;1.0;10.0;4.0;0.0;0.0;0.0
488;2.0;0.0;0.0;4.0;0.0;3.0;4.0;0.0;0.0;3.0;4.0;0.0;2.0;1.0;0.0;2.0;0.0;0.0;0.0;0.0
489;1.0;2.0;0.0;3.0;2.0;2.0;1.0;0.0;0.0;1.0;1.0;0.0;0.0;1.0;0.0;1.0;0.0;0.0;0.0;0.0
490;2.0;1.0;0.0;2.0;0.0;2.0;0.0;0.0;0.0;2.0;1.0;0.0;1.0;2.0;1.0;0.0;0.0;0.0;0.0;0.0
491;3.0;2.0;0.0;6.0;2.0;3.0;5.0;0.0;0.0;4.0;3.0;1.0;2.0;3.0;2.0;2.0;3.0;0.0;0.0;0.0
492;6.0;4.0;1.0;7.0;3.0;8.0;6.0;1.0;1.0;10.0;6.0;1.0;1.0;5.0;0.0;3.0;1.0;2.0;0.0;0.0
493;11.0;5.0;0.0;19.0;5.0;9.0;5.0;1.0;1.0;12.0;5.0;0.0;8.0;6.0;0.0;4.0;3.0;1.0;0.0;0.0
494;1.0;1.0;1.0;13.0;0.0;3.0;7.0;1.0;0.0;6.0;3.0;0.0;2.0;2.0;0.0;5.0;1.0;0.0;1.0;0.0
495;2.0;2.0;0.0;6.0;0.0;2.0;1.0;0.0;0.0;3.0;4.0;0.0;1.0;1.0;0.0;2.0;0.0;0.0;0.0;0.0
496;6.0;3.0;0.0;27.0;5.0;7.0;8.0;0.0;0.0;11.0;11.0;1.0;7.0;6.0;4.0;7.0;2.0;0.0;0.0;0.0
497;3.0;1.0;0.0;18.0;2.0;3.0;7.0;2.0;1.0;7.0;3.0;0.0;1.0;3.0;1.0;7.0;0.0;0.0;0.0;0.0
498;0.0;0.0;0.0;1.0;1.0;0.0;1.0;0.0;0.0;0.0;0.0;0.0;0.0;1.0;0.0;1.0;0.0;0.0;0.0;0.0
499;1.0;1.0;2.0;6.0;0.0;3.0;4.0;0.0;1.0;3.0;4.0;0.0;1.0;2.0;0.0;3.0;2.0;0.0;0.0;0.0
500;7.0;2.0;0.0;29.0;2.0;10.0;10.0;3.0;1.0;13.0;11.0;1.0;3.0;6.0;2.0;8.0;3.0;1.0;2.0;1.0
501;4.0;1.0;1.0;15.0;2.0;11.0;8.0;0.0;1.0;12.0;10.0;0.0;2.0;3.0;0.0;3.0;1.0;1.0;2.0;1.0
502;10.0;3.0;0.0;21.0;2.0;12.0;5.0;2.0;0.0;21.0;10.0;0.0;7.0;7.0;1.0;4.0;2.0;1.0;0.0;0.0
503;0.0;0.0;1.0;4.0;0.0;4.0;1.0;0.0;1.0;4.0;2.0;0.0;0.0;1.0;0.0;2.0;1.0;1.0;0.0;0.0
504;2.0;1.0;0.0;7.0;0.0;3.0;4.0;1.0;0.0;2.0;1.0;0.0;2.0;0.0;0.0;3.0;0.0;0.0;0.0;0.0
505;12.0;8.0;3.0;45.0;11.0;18.0;29.0;5.0;1.0;24.0;14.0;1.0;13.0;7.0;2.0;22.0;4.0;2.0;1.0;0.0
506;1.0;3.0;0.0;4.0;0.0;2.0;2.0;0.0;0.0;2.0;0.0;0.0;1.0;2.0;0.0;1.0;2.0;0.0;0.0;0.0
507;6.0;4.0;0.0;4.0;1.0;5.0;2.0;0.0;0.0;7.0;2.0;0.0;3.0;5.0;0.0;1.0;2.0;0.0;0.0;0.0
508;2.0;3.0;0.0;13.0;2.0;3.0;4.0;0.0;1.0;4.0;3.0;0.0;4.0;1.0;0.0;4.0;1.0;0.0;0.0;0.0
509;36.0;25.0;5.0;131.0;24.0;54.0;70.0;7.0;5.0;74.0;50.0;5.0;33.0;29.0;12.0;51.0;12.0;6.0;0.0;1.0
510;8.0;4.0;2.0;24.0;3.0;11.0;13.0;2.0;2.0;15.0;12.0;1.0;4.0;6.0;0.0;8.0;4.0;0.0;0.0;0.0
511;3.0;1.0;0.0;8.0;0.0;6.0;1.0;0.0;1.0;6.0;4.0;0.0;4.0;1.0;1.0;1.0;0.0;0.0;0.0;0.0
512;0.0;1.0;0.0;2.0;1.0;1.0;2.0;0.0;0.0;1.0;0.0;0.0;1.0;0.0;1.0;1.0;0.0;0.0;0.0;0.0
513;0.0;0.0;0.0;7.0;0.0;2.0;3.0;0.0;0.0;4.0;2.0;1.0;1.0;0.0;1.0;0.0;0.0;0.0;0.0;0.0
514;16.0;9.0;4.0;63.0;10.0;25.0;26.0;2.0;1.0;45.0;33.0;2.0;15.0;19.0;6.0;15.0;8.0;4.0;0.0;0.0
515;1.0;0.0;0.0;2.0;0.0;2.0;0.0;0.0;0.0;2.0;1.0;0.0;2.0;1.0;0.0;0.0;0.0;0.0;0.0;0.0
516;7.0;3.0;1.0;24.0;4.0;12.0;10.0;0.0;0.0;16.0;12.0;1.0;6.0;6.0;2.0;6.0;4.0;1.0;0.0;0.0
517;7.0;1.0;0.0;11.0;4.0;3.0;2.0;0.0;0.0;6.0;3.0;0.0;6.0;3.0;0.0;1.0;1.0;0.0;0.0;0.0
518;41.0;24.0;8.0;100.0;19.0;58.0;56.0;9.0;0.0;74.0;26.0;3.0;39.0;22.0;7.0;37.0;15.0;6.0;0.0;0.0
519;4.0;1.0;1.0;15.0;3.0;12.0;10.0;0.0;2.0;8.0;5.0;0.0;6.0;3.0;2.0;5.0;0.0;1.0;1.0;0.0
520;4.0;1.0;1.0;17.0;2.0;8.0;8.0;1.0;1.0;14.0;11.0;3.0;5.0;3.0;4.0;3.0;0.0;0.0;0.0;0.0
521;1.0;1.0;0.0;11.0;0.0;5.0;5.0;0.0;1.0;7.0;2.0;0.0;0.0;1.0;0.0;3.0;0.0;0.0;0.0;0.0
522;10.0;3.0;0.0;16.0;2.0;10.0;7.0;2.0;0.0;10.0;8.0;1.0;4.0;2.0;1.0;3.0;4.0;1.0;0.0;0.0
523;4.0;2.0;1.0;12.0;2.0;5.0;4.0;0.0;1.0;8.0;5.0;0.0;2.0;3.0;2.0;2.0;2.0;0.0;0.0;0.0
524;1.0;1.0;0.0;4.0;0.0;2.0;4.0;0.0;0.0;5.0;2.0;1.0;1.0;0.0;1.0;2.0;0.0;0.0;1.0;0.0
525;4.0;1.0;0.0;22.0;1.0;8.0;5.0;2.0;1.0;9.0;8.0;1.0;3.0;5.0;2.0;8.0;2.0;2.0;0.0;0.0
526;1.0;0.0;0.0;2.0;0.0;1.0;3.0;0.0;0.0;1.0;1.0;1.0;0.0;0.0;0.0;1.0;0.0;0.0;1.0;0.0
527;6.0;3.0;1.0;23.0;1.0;7.0;10.0;1.0;1.0;12.0;6.0;1.0;4.0;6.0;3.0;9.0;3.0;0.0;0.0;0.0
528;6.0;3.0;1.0;17.0;2.0;8.0;8.0;1.0;1.0;7.0;3.0;1.0;4.0;2.0;1.0;5.0;2.0;0.0;0.0;0.0
529;19.0;12.0;4.0;61.0;13.0;22.0;45.0;3.0;4.0;29.0;21.0;4.0;12.0;17.0;2.0;22.0;9.0;4.0;2.0;0.0
530;3.0;2.0;0.0;10.0;4.0;7.0;7.0;1.0;0.0;8.0;2.0;0.0;4.0;4.0;1.0;5.0;0.0;0.0;0.0;0.0
531;2.0;3.0;2.0;14.0;3.0;6.0;7.0;0.0;2.0;7.0;6.0;0.0;2.0;2.0;1.0;2.0;4.0;1.0;0.0;0.0
532;0.0;1.0;0.0;4.0;1.0;2.0;5.0;0.0;1.0;2.0;3.0;0.0;1.0;1.0;0.0;3.0;0.0;0.0;0.0;0.0
533;9.0;5.0;2.0;29.0;4.0;8.0;15.0;0.0;1.0;10.0;9.0;1.0;5.0;5.0;3.0;9.0;5.0;2.0;0.0;0.0
534;16.0;7.0;0.0;44.0;6.0;24.0;23.0;1.0;1.0;33.0;24.0;4.0;16.0;17.0;4.0;18.0;5.0;2.0;0.0;0.0
535;6.0;2.0;0.0;11.0;0.0;3.0;1.0;0.0;1.0;5.0;1.0;1.0;5.0;2.0;1.0;2.0;0.0;0.0;0.0;0.0
536;6.0;3.0;0.0;21.0;0.0;9.0;7.0;0.0;1.0;16.0;9.0;1.0;8.0;5.0;1.0;7.0;4.0;1.0;0.0;0.0
537;15.0;10.0;4.0;54.0;11.0;24.0;24.0;2.0;1.0;33.0;23.0;2.0;14.0;12.0;4.0;21.0;7.0;3.0;0.0;0.0
538;3.0;0.0;0.0;9.0;1.0;5.0;3.0;0.0;0.0;5.0;5.0;0.0;4.0;2.0;0.0;2.0;1.0;0.0;0.0;0.0
539;1.0;0.0;0.0;2.0;1.0;2.0;0.0;0.0;0.0;4.0;1.0;0.0;1.0;1.0;0.0;0.0;0.0;0.0;0.0;0.0
540;0.0;0.0;0.0;4.0;0.0;0.0;1.0;0.0;0.0;1.0;0.0;0.0;0.0;0.0;0.0;1.0;0.0;0.0;0.0;1.0
541;1.0;0.0;0.0;2.0;1.0;0.0;1.0;0.0;0.0;0.0;1.0;0.0;1.0;0.0;0.0;1.0;0.0;1.0;0.0;0.0
542;3.0;0.0;0.0;5.0;2.0;2.0;4.0;0.0;0.0;4.0;4.0;0.0;0.0;2.0;0.0;2.0;0.0;0.0;0.0;0.0
543;4.0;3.0;0.0;5.0;4.0;4.0;4.0;0.0;0.0;5.0;2.0;0.0;3.0;4.0;1.0;0.0;1.0;1.0;0.0;0.0
544;3.0;3.0;0.0;17.0;1.0;6.0;15.0;0.0;1.0;7.0;8.0;2.0;2.0;4.0;2.0;5.0;0.0;1.0;1.0;0.0
545;5.0;3.0;2.0;16.0;2.0;6.0;9.0;2.0;1.0;7.0;8.0;0.0;2.0;3.0;0.0;1.0;1.0;0.0;0.0;0.0
546;0.0;0.0;0.0;6.0;2.0;0.0;4.0;1.0;0.0;4.0;2.0;0.0;0.0;1.0;0.0;0.0;0.0;1.0;1.0;0.0
547;52.0;26.0;10.0;200.0;41.0;88.0;119.0;13.0;14.0;102.0;80.0;14.0;51.0;29.0;17.0;69.0;27.0;10.0;5.0;3.0
548;12.0;6.0;0.0;26.0;2.0;12.0;11.0;0.0;1.0;14.0;10.0;2.0;9.0;7.0;4.0;10.0;3.0;0.0;0.0;0.0
549;2.0;2.0;0.0;2.0;1.0;1.0;1.0;0.0;0.0;2.0;0.0;1.0;2.0;0.0;0.0;1.0;1.0;0.0;0.0;0.0
550;4.0;2.0;0.0;24.0;3.0;8.0;9.0;1.0;0.0;12.0;12.0;0.0;5.0;4.0;2.0;5.0;3.0;0.0;0.0;0.0
551;9.0;4.0;1.0;7.0;0.0;8.0;5.0;2.0;0.0;6.0;1.0;1.0;3.0;2.0;1.0;1.0;4.0;1.0;0.0;0.0
552;4.0;0.0;0.0;9.0;2.0;5.0;4.0;1.0;0.0;3.0;1.0;0.0;5.0;3.0;0.0;2.0;1.0;2.0;0.0;0.0
553;1.0;3.0;0.0;15.0;2.0;3.0;8.0;1.0;1.0;5.0;1.0;2.0;1.0;2.0;3.0;10.0;2.0;0.0;0.0;0.0
554;3.0;3.0;1.0;8.0;2.0;3.0;3.0;0.0;0.0;4.0;3.0;0.0;1.0;2.0;0.0;4.0;0.0;0.0;0.0;0.0
555;7.0;2.0;0.0;12.0;0.0;9.0;8.0;0.0;0.0;6.0;6.0;0.0;3.0;2.0;2.0;6.0;1.0;0.0;0.0;0.0
556;2.0;1.0;0.0;3.0;0.0;1.0;2.0;0.0;0.0;3.0;1.0;1.0;2.0;0.0;1.0;0.0;1.0;0.0;0.0;0.0
557;1.0;0.0;0.0;6.0;2.0;3.0;4.0;1.0;0.0;3.0;2.0;0.0;2.0;2.0;0.0;3.0;0.0;1.0;0.0;0.0
558;2.0;1.0;3.0;19.0;5.0;8.0;9.0;3.0;1.0;15.0;8.0;1.0;5.0;4.0;2.0;7.0;4.0;1.0;0.0;1.0
559;7.0;8.0;2.0;16.0;5.0;9.0;10.0;1.0;0.0;12.0;8.0;1.0;6.0;3.0;3.0;7.0;4.0;0.0;0.0;0.0
560;1.0;1.0;0.0;12.0;1.0;5.0;7.0;1.0;0.0;10.0;3.0;0.0;3.0;0.0;1.0;4.0;0.0;1.0;0.0;0.0
561;5.0;5.0;1.0;28.0;8.0;9.0;17.0;2.0;2.0;13.0;8.0;2.0;6.0;7.0;3.0;8.0;4.0;1.0;0.0;0.0
562;11.0;3.0;2.0;23.0;3.0;13.0;14.0;0.0;4.0;16.0;8.0;3.0;7.0;9.0;2.0;4.0;3.0;1.0;0.0;0.0
563;3.0;4.0;1.0;11.0;4.0;5.0;10.0;0.0;1.0;4.0;6.0;0.0;3.0;1.0;0.0;5.0;3.0;0.0;1.0;0.0
564;73.0;45.0;11.0;212.0;42.0;86.0;121.0;11.0;8.0;134.0;87.0;10.0;58.0;51.0;14.0;84.0;25.0;12.0;1.0;1.0
565;2.0;0.0;0.0;1.0;0.0;3.0;2.0;0.0;0.0;3.0;3.0;1.0;1.0;1.0;0.0;1.0;0.0;0.0;0.0;0.0
566;0.0;0.0;0.0;1.0;0.0;0.0;0.0;0.0;0.0;1.0;0.0;0.0;0.0;0.0;0.0;0.0;0.0;0.0;0.0;0.0
567;2.0;1.0;0.0;5.0;0.0;3.0;4.0;0.0;0.0;4.0;2.0;0.0;0.0;0.0;0.0;1.0;1.0;0.0;0.0;0.0
568;3.0;0.0;0.0;7.0;1.0;2.0;2.0;0.0;0.0;5.0;3.0;1.0;3.0;1.0;1.0;0.0;1.0;0.0;0.0;0.0
569;4.0;4.0;2.0;13.0;4.0;7.0;9.0;0.0;0.0;9.0;6.0;0.0;4.0;1.0;1.0;7.0;0.0;0.0;0.0;0.0
570;2.0;0.0;0.0;13.0;0.0;6.0;10.0;1.0;1.0;8.0;6.0;1.0;1.0;0.0;3.0;4.0;0.0;2.0;0.0;0.0
571;1.0;1.0;0.0;7.0;1.0;2.0;3.0;0.0;0.0;4.0;1.0;0.0;1.0;1.0;1.0;4.0;0.0;0.0;0.0;0.0
572;1.0;1.0;1.0;6.0;1.0;4.0;3.0;1.0;1.0;8.0;7.0;1.0;1.0;2.0;1.0;3.0;1.0;0.0;1.0;0.0
573;4.0;0.0;0.0;10.0;0.0;4.0;1.0;0.0;0.0;5.0;2.0;0.0;2.0;1.0;0.0;2.0;1.0;0.0;0.0;0.0
574;14.0;4.0;0.0;34.0;8.0;18.0;18.0;5.0;2.0;25.0;17.0;1.0;9.0;7.0;2.0;12.0;4.0;3.0;0.0;0.0
575;16.0;15.0;3.0;72.0;15.0;27.0;40.0;3.0;2.0;48.0;29.0;1.0;15.0;21.0;7.0;30.0;4.0;3.0;0.0;0.0
576;2.0;2.0;0.0;5.0;1.0;4.0;2.0;0.0;0.0;4.0;3.0;0.0;1.0;2.0;0.0;2.0;0.0;0.0;0.0;0.0
577;8.0;5.0;2.0;36.0;3.0;14.0;26.0;3.0;0.0;23.0;15.0;2.0;9.0;7.0;3.0;16.0;5.0;2.0;0.0;0.0
578;0.0;1.0;0.0;9.0;1.0;0.0;3.0;0.0;0.0;3.0;1.0;0.0;0.0;2.0;0.0;4.0;1.0;0.0;0.0;0.0
579;1.0;0.0;0.0;5.0;0.0;1.0;2.0;0.0;0.0;0.0;0.0;0.0;0.0;0.0;1.0;2.0;0.0;0.0;0.0;0.0
580;37.0;18.0;5.0;107.0;16.0;45.0;47.0;8.0;5.0;62.0;34.0;7.0;28.0;21.0;9.0;33.0;13.0;4.0;4.0;2.0
581;1.0;1.0;0.0;6.0;1.0;3.0;2.0;0.0;0.0;3.0;3.0;0.0;1.0;3.0;0.0;0.0;0.0;0.0;0.0;0.0
582;4.0;5.0;1.0;16.0;4.0;9.0;11.0;1.0;1.0;11.0;7.0;0.0;5.0;7.0;1.0;5.0;1.0;0.0;0.0;0.0
583;0.0;0.0;0.0;4.0;0.0;3.0;2.0;0.0;0.0;5.0;2.0;0.0;2.0;0.0;0.0;1.0;0.0;0.0;1.0;0.0
584;3.0;2.0;1.0;21.0;3.0;11.0;11.0;1.0;1.0;16.0;14.0;2.0;1.0;2.0;1.0;6.0;4.0;0.0;4.0;0.0
585;3.0;6.0;3.0;44.0;9.0;13.0;26.0;5.0;1.0;18.0;12.0;2.0;9.0;8.0;1.0;14.0;4.0;2.0;0.0;0.0
586;1.0;0.0;0.0;7.0;0.0;4.0;2.0;1.0;1.0;6.0;3.0;0.0;2.0;2.0;0.0;0.0;1.0;0.0;0.0;0.0
587;11.0;13.0;5.0;46.0;13.0;27.0;29.0;5.0;2.0;24.0;14.0;2.0;14.0;4.0;2.0;20.0;6.0;3.0;0.0;0.0
588;3.0;1.0;0.0;12.0;0.0;4.0;2.0;0.0;0.0;4.0;3.0;1.0;4.0;3.0;1.0;1.0;1.0;1.0;0.0;0.0
589;2.0;0.0;0.0;7.0;2.0;2.0;4.0;0.0;0.0;3.0;3.0;1.0;2.0;2.0;1.0;1.0;1.0;0.0;0.0;0.0
590;8.0;1.0;0.0;19.0;0.0;5.0;7.0;0.0;1.0;10.0;6.0;1.0;9.0;5.0;2.0;5.0;2.0;1.0;0.0;0.0
591;0.0;3.0;1.0;7.0;1.0;3.0;4.0;1.0;1.0;3.0;2.0;0.0;0.0;1.0;0.0;2.0;1.0;0.0;0.0;0.0
592;4.0;4.0;1.0;26.0;3.0;7.0;5.0;3.0;0.0;9.0;3.0;1.0;4.0;6.0;2.0;5.0;2.0;3.0;1.0;0.0
593;8.0;4.0;1.0;14.0;1.0;8.0;6.0;0.0;1.0;11.0;6.0;0.0;6.0;2.0;0.0;5.0;3.0;1.0;0.0;0.0
594;3.0;3.0;1.0;8.0;0.0;5.0;4.0;0.0;0.0;4.0;4.0;1.0;3.0;0.0;2.0;5.0;0.0;0.0;0.0;0.0
595;10.0;5.0;2.0;33.0;6.0;17.0;19.0;2.0;2.0;16.0;8.0;1.0;6.0;4.0;2.0;11.0;1.0;0.0;1.0;0.0
596;17.0;8.0;1.0;56.0;10.0;22.0;25.0;3.0;3.0;30.0;20.0;2.0;11.0;10.0;7.0;11.0;8.0;4.0;0.0;3.0
597;8.0;7.0;1.0;36.0;4.0;10.0;18.0;3.0;0.0;17.0;12.0;2.0;5.0;8.0;2.0;14.0;3.0;1.0;0.0;0.0
598;10.0;11.0;2.0;31.0;9.0;20.0;18.0;0.0;0.0;20.0;11.0;0.0;10.0;10.0;3.0;15.0;2.0;1.0;0.0;3.0
599;3.0;0.0;0.0;8.0;6.0;8.0;6.0;1.0;1.0;7.0;4.0;3.0;2.0;2.0;2.0;0.0;1.0;1.0;2.0;0.0
600;0.0;0.0;0.0;3.0;0.0;2.0;0.0;0.0;0.0;1.0;1.0;1.0;0.0;0.0;0.0;0.0;0.0;1.0;1.0;0.0
601;2.0;0.0;0.0;2.0;0.0;2.0;4.0;0.0;0.0;1.0;1.0;0.0;1.0;1.0;0.0;1.0;1.0;0.0;1.0;0.0
602;4.0;2.0;1.0;21.0;5.0;14.0;4.0;1.0;0.0;14.0;9.0;2.0;4.0;4.0;1.0;5.0;1.0;0.0;0.0;0.0
603;4.0;2.0;0.0;16.0;1.0;6.0;5.0;0.0;0.0;8.0;5.0;1.0;1.0;5.0;2.0;5.0;3.0;0.0;0.0;0.0
604;1.0;0.0;0.0;2.0;0.0;0.0;1.0;0.0;0.0;1.0;2.0;0.0;1.0;0.0;0.0;0.0;0.0;0.0;0.0;0.0
605;24.0;10.0;6.0;57.0;11.0;28.0;35.0;6.0;2.0;32.0;20.0;1.0;19.0;10.0;2.0;15.0;13.0;5.0;0.0;0.0
606;1.0;1.0;0.0;8.0;1.0;3.0;5.0;2.0;1.0;2.0;3.0;0.0;3.0;0.0;0.0;1.0;0.0;0.0;0.0;0.0
607;18.0;8.0;1.0;63.0;3.0;25.0;27.0;5.0;2.0;42.0;23.0;4.0;14.0;17.0;8.0;15.0;6.0;2.0;0.0;1.0
608;13.0;6.0;2.0;45.0;9.0;21.0;26.0;3.0;2.0;29.0;23.0;0.0;10.0;13.0;4.0;17.0;5.0;4.0;0.0;0.0
609;2.0;1.0;1.0;9.0;5.0;4.0;4.0;2.0;0.0;8.0;2.0;1.0;4.0;1.0;0.0;7.0;0.0;0.0;0.0;0.0
610;0.0;1.0;0.0;5.0;0.0;1.0;2.0;1.0;0.0;3.0;2.0;0.0;1.0;0.0;0.0;1.0;0.0;1.0;1.0;0.0
611;0.0;0.0;0.0;4.0;1.0;1.0;1.0;1.0;0.0;1.0;0.0;0.0;0.0;2.0;0.0;2.0;0.0;0.0;0.0;0.0
612;2.0;2.0;0.0;8.0;1.0;5.0;2.0;1.0;1.0;4.0;2.0;0.0;2.0;1.0;0.0;2.0;1.0;0.0;0.0;0.0
613;1.0;0.0;0.0;4.0;0.0;2.0;4.0;0.0;1.0;4.0;2.0;0.0;0.0;2.0;0.0;1.0;0.0;0.0;1.0;0.0
614;7.0;5.0;3.0;18.0;4.0;9.0;17.0;3.0;0.0;13.0;5.0;1.0;4.0;4.0;0.0;10.0;3.0;4.0;0.0;0.0
615;3.0;3.0;2.0;15.0;7.0;13.0;8.0;2.0;2.0;13.0;9.0;0.0;11.0;6.0;2.0;4.0;2.0;1.0;1.0;1.0
616;3.0;1.0;0.0;3.0;2.0;2.0;3.0;0.0;0.0;3.0;0.0;0.0;3.0;3.0;0.0;1.0;1.0;1.0;0.0;0.0
617;5.0;2.0;0.0;17.0;1.0;6.0;4.0;3.0;0.0;9.0;4.0;0.0;2.0;2.0;1.0;2.0;2.0;0.0;0.0;0.0
618;2.0;0.0;0.0;2.0;1.0;2.0;0.0;0.0;0.0;3.0;1.0;0.0;3.0;0.0;0.0;1.0;0.0;0.0;0.0;0.0
619;5.0;1.0;0.0;7.0;0.0;3.0;2.0;0.0;1.0;4.0;4.0;0.0;5.0;1.0;0.0;1.0;3.0;0.0;0.0;0.0
620;1.0;1.0;0.0;8.0;3.0;7.0;5.0;1.0;2.0;6.0;4.0;3.0;2.0;2.0;1.0;4.0;0.0;1.0;1.0;0.0
621;6.0;4.0;2.0;11.0;2.0;9.0;14.0;0.0;0.0;10.0;5.0;0.0;3.0;3.0;0.0;6.0;2.0;0.0;0.0;0.0
622;0.0;0.0;0.0;0.0;0.0;1.0;2.0;0.0;0.0;1.0;0.0;0.0;0.0;1.0;0.0;0.0;0.0;0.0;0.0;0.0
623;3.0;2.0;0.0;10.0;3.0;4.0;4.0;2.0;0.0;7.0;6.0;0.0;2.0;2.0;0.0;0.0;1.0;0.0;0.0;0.0
624;29.0;18.0;7.0;119.0;29.0;45.0;72.0;4.0;6.0;58.0;40.0;8.0;24.0;20.0;12.0;44.0;16.0;7.0;4.0;1.0
625;0.0;0.0;0.0;7.0;0.0;2.0;3.0;0.0;0.0;2.0;2.0;2.0;0.0;0.0;1.0;3.0;1.0;0.0;1.0;0.0
626;3.0;3.0;0.0;17.0;7.0;5.0;11.0;1.0;1.0;5.0;2.0;0.0;4.0;3.0;1.0;9.0;2.0;0.0;0.0;0.0
627;7.0;2.0;0.0;27.0;4.0;9.0;17.0;2.0;2.0;15.0;6.0;3.0;9.0;4.0;2.0;5.0;3.0;1.0;0.0;1.0
628;5.0;5.0;0.0;8.0;2.0;4.0;7.0;0.0;0.0;2.0;2.0;1.0;1.0;0.0;2.0;7.0;1.0;0.0;1.0;1.0
629;1.0;2.0;0.0;8.0;2.0;3.0;2.0;0.0;0.0;4.0;2.0;0.0;1.0;1.0;1.0;1.0;0.0;0.0;0.0;0.0
630;0.0;0.0;0.0;4.0;0.0;1.0;1.0;1.0;0.0;3.0;2.0;0.0;0.0;0.0;0.0;1.0;0.0;0.0;0.0;0.0
631;1.0;0.0;1.0;7.0;0.0;2.0;1.0;2.0;0.0;5.0;4.0;0.0;0.0;1.0;2.0;1.0;1.0;0.0;0.0;0.0
632;1.0;0.0;0.0;4.0;1.0;4.0;3.0;0.0;0.0;4.0;2.0;0.0;1.0;1.0;1.0;1.0;0.0;0.0;0.0;0.0
633;3.0;2.0;0.0;7.0;4.0;3.0;2.0;0.0;0.0;6.0;3.0;1.0;5.0;4.0;1.0;0.0;0.0;0.0;0.0;0.0
634;0.0;0.0;1.0;3.0;0.0;1.0;3.0;1.0;0.0;1.0;0.0;0.0;1.0;1.0;0.0;2.0;1.0;0.0;0.0;0.0
635;2.0;0.0;0.0;4.0;0.0;5.0;3.0;0.0;0.0;5.0;4.0;0.0;2.0;0.0;0.0;1.0;0.0;0.0;0.0;0.0
636;3.0;3.0;0.0;3.0;2.0;5.0;4.0;0.0;0.0;5.0;0.0;0.0;3.0;4.0;0.0;0.0;1.0;0.0;0.0;0.0
637;1.0;1.0;0.0;3.0;0.0;1.0;2.0;0.0;0.0;3.0;2.0;0.0;1.0;2.0;0.0;1.0;1.0;0.0;0.0;0.0
638;0.0;0.0;0.0;4.0;0.0;1.0;1.0;0.0;0.0;1.0;0.0;1.0;0.0;1.0;0.0;1.0;0.0;0.0;0.0;0.0
639;2.0;2.0;0.0;11.0;1.0;5.0;5.0;0.0;1.0;8.0;7.0;0.0;2.0;2.0;1.0;3.0;1.0;1.0;0.0;0.0
640;5.0;1.0;1.0;6.0;2.0;6.0;2.0;1.0;1.0;6.0;2.0;0.0;2.0;3.0;0.0;2.0;2.0;0.0;0.0;0.0
641;12.0;5.0;0.0;27.0;6.0;12.0;10.0;1.0;0.0;17.0;11.0;2.0;12.0;10.0;4.0;8.0;3.0;0.0;0.0;0.0
642;5.0;1.0;1.0;6.0;0.0;5.0;5.0;1.0;1.0;3.0;3.0;0.0;0.0;0.0;0.0;4.0;1.0;1.0;0.0;0.0
643;0.0;0.0;0.0;2.0;0.0;1.0;2.0;0.0;0.0;2.0;0.0;0.0;0.0;1.0;0.0;1.0;0.0;0.0;0.0;0.0
644;2.0;1.0;0.0;7.0;1.0;4.0;2.0;2.0;0.0;2.0;2.0;0.0;2.0;0.0;0.0;1.0;0.0;0.0;0.0;0.0
645;0.0;2.0;0.0;5.0;0.0;3.0;4.0;0.0;0.0;3.0;4.0;0.0;0.0;0.0;1.0;3.0;1.0;0.0;0.0;0.0
646;4.0;4.0;1.0;26.0;2.0;13.0;10.0;2.0;1.0;18.0;11.0;2.0;6.0;9.0;2.0;2.0;1.0;0.0;0.0;0.0
647;7.0;3.0;2.0;23.0;5.0;10.0;13.0;0.0;1.0;11.0;14.0;0.0;5.0;2.0;2.0;12.0;4.0;0.0;0.0;0.0
648;7.0;4.0;0.0;21.0;10.0;12.0;22.0;0.0;3.0;13.0;10.0;2.0;10.0;3.0;1.0;11.0;3.0;0.0;0.0;2.0
649;7.0;6.0;1.0;23.0;3.0;10.0;10.0;0.0;0.0;11.0;10.0;1.0;8.0;3.0;1.0;7.0;4.0;1.0;0.0;0.0
650;5.0;1.0;0.0;2.0;0.0;3.0;3.0;0.0;0.0;2.0;2.0;0.0;3.0;3.0;1.0;1.0;1.0;0.0;0.0;0.0
651;1.0;2.0;1.0;5.0;2.0;2.0;3.0;0.0;0.0;7.0;1.0;0.0;2.0;2.0;1.0;3.0;1.0;0.0;0.0;0.0
652;8.0;3.0;0.0;21.0;5.0;14.0;11.0;1.0;2.0;19.0;12.0;1.0;5.0;4.0;3.0;6.0;4.0;1.0;0.0;1.0
653;0.0;2.0;0.0;14.0;2.0;2.0;8.0;1.0;1.0;5.0;6.0;0.0;3.0;3.0;0.0;3.0;0.0;1.0;0.0;0.0
654;23.0;11.0;1.0;73.0;12.0;29.0;40.0;5.0;1.0;39.0;23.0;8.0;14.0;18.0;6.0;24.0;9.0;2.0;1.0;1.0
655;2.0;1.0;1.0;10.0;4.0;5.0;5.0;1.0;0.0;7.0;6.0;0.0;4.0;4.0;0.0;2.0;2.0;1.0;0.0;0.0
656;0.0;1.0;2.0;12.0;5.0;3.0;8.0;0.0;1.0;3.0;3.0;0.0;4.0;5.0;1.0;5.0;1.0;0.0;0.0;0.0
657;1.0;0.0;0.0;4.0;0.0;2.0;2.0;0.0;0.0;3.0;3.0;1.0;0.0;1.0;1.0;0.0;0.0;0.0;0.0;0.0
658;4.0;1.0;0.0;11.0;1.0;5.0;8.0;1.0;1.0;3.0;4.0;1.0;3.0;2.0;0.0;6.0;0.0;0.0;0.0;0.0
659;8.0;6.0;1.0;32.0;7.0;15.0;12.0;0.0;0.0;14.0;11.0;1.0;10.0;9.0;0.0;7.0;4.0;2.0;0.0;0.0
660;1.0;0.0;0.0;3.0;0.0;3.0;0.0;0.0;3.0;2.0;0.0;0.0;0.0;1.0;1.0;1.0;0.0;1.0;0.0;0.0
661;1.0;0.0;0.0;5.0;0.0;2.0;1.0;0.0;0.0;4.0;2.0;0.0;1.0;1.0;0.0;2.0;0.0;0.0;0.0;0.0
662;2.0;2.0;0.0;12.0;2.0;1.0;7.0;0.0;1.0;3.0;2.0;1.0;1.0;1.0;1.0;5.0;1.0;0.0;0.0;0.0
664;11.0;7.0;3.0;38.0;10.0;17.0;23.0;1.0;2.0;22.0;16.0;3.0;12.0;8.0;6.0;8.0;10.0;2.0;5.0;4.0
665;26.0;10.0;2.0;50.0;8.0;30.0;38.0;4.0;2.0;34.0;19.0;3.0;17.0;12.0;6.0;13.0;8.0;3.0;0.0;2.0
666;3.0;3.0;1.0;13.0;2.0;1.0;7.0;0.0;0.0;4.0;3.0;1.0;3.0;2.0;1.0;4.0;3.0;0.0;0.0;0.0
667;8.0;1.0;0.0;14.0;4.0;11.0;10.0;1.0;0.0;8.0;6.0;2.0;8.0;1.0;2.0;8.0;2.0;1.0;0.0;0.0
668;1.0;0.0;0.0;4.0;0.0;3.0;1.0;0.0;0.0;4.0;1.0;1.0;2.0;1.0;0.0;0.0;0.0;0.0;0.0;0.0
669;0.0;0.0;0.0;2.0;1.0;1.0;1.0;0.0;0.0;1.0;1.0;0.0;1.0;1.0;0.0;1.0;0.0;0.0;0.0;0.0
670;0.0;0.0;0.0;9.0;1.0;1.0;3.0;0.0;0.0;2.0;1.0;0.0;0.0;2.0;0.0;2.0;0.0;1.0;0.0;0.0
671;2.0;1.0;1.0;17.0;2.0;5.0;5.0;2.0;2.0;8.0;3.0;1.0;4.0;5.0;1.0;3.0;1.0;2.0;0.0;0.0
